invoice_credit_ratio,prev_late_rate,amount_vs_industry_median,daily_obligation,is_high_utilisation,is_repeat_offender,is_clean_record,is_first_time_client,is_long_term_client,is_high_risk_industry,is_mega_invoice,is_Q4_due,is_dashain_season,is_vat_filing_month,invoice_quarter,due_quarter,days_to_fy_end,due_on_weekend,industry_target_enc,tenure_band,amount_band_ord,utilisation_x_history,risk_x_amount,q4_x_late_history,manual_risk_score,client_total_invoices,client_avg_invoice,client_avg_delay,client_late_rate,client_late_count,Invoice_Amount,Tenure_Years,Prev_Late_Count,Credit_Days,Invoice_ID,Client_ID,Client_Name,Industry,Province,Is_Late
0.3241,0.6,0.438,3111.0,0,1,0,0,0,1,0,0,0,1,2,2,222,0,0.4259,1,1,0.9722999999999999,0.059626000000000005,0,0.36,6,435166.67,66.0,0.5,3,140000,1.8,3,45,HAA-00001,NP0103,Thamel Tourism Pvt. Ltd.,Tourism & Hotels,Madhesh,1
0.579,0.6,1.165,36467.0,0,1,0,0,0,1,1,0,0,1,4,1,0,0,0.4579,1,2,1.7369999999999999,0.7514139,0,0.4174,5,931400.0,26.6,0.2,1,1641000,2.82,3,45,HAA-00002,NP0180,Kathmandu Nirman Pvt. Ltd.,Construction,Koshi,1
0.6321,0.6,1.317,31333.0,0,1,0,0,0,1,0,0,0,1,2,3,175,0,0.3615,1,2,1.8963,0.33980999999999995,0,0.4087,6,832500.0,31.33,0.17,1,940000,1.25,3,30,HAA-00003,NP0093,Annapurna Merchandise Pvt. Ltd.,Trading & Import,Bagmati,0
0.6082,0.4,1.589,49711.0,0,0,0,0,1,1,1,0,1,1,1,2,272,0,0.4579,3,3,1.2164,1.0243223,0,0.3532,6,872833.33,61.33,0.5,3,2237000,8.49,2,45,HAA-00004,NP0015,Kathmandu Nirman Pvt. Ltd.,Construction,Bagmati,1
0.3829,0.8,0.548,5833.0,0,1,0,0,1,1,0,1,0,0,4,4,64,0,0.4259,3,1,1.5316,0.0745325,4,0.5418,1,175000.0,8.0,0.0,0,175000,7.11,4,30,HAA-00005,NP0107,Sagarmatha Trekking Co.,Tourism & Hotels,Sudurpashchim,0
0.4569,0.2,1.498,19600.0,0,0,0,0,0,0,0,1,0,1,3,4,100,1,0.1977,2,2,0.4569,0.11624759999999999,1,0.3009,3,907666.67,48.67,0.33,1,588000,4.3,1,30,HAA-00006,NP0072,Digital Yatra Pvt. Ltd.,Services & IT,Gandaki,1
0.3272,0.2,1.108,5900.0,0,0,0,0,1,1,0,0,0,1,2,3,189,0,0.4259,3,1,0.3272,0.1507686,0,0.2206,6,489833.33,55.5,0.5,3,354000,7.82,1,60,HAA-00007,NP0189,Pokhara Resort & Spa,Tourism & Hotels,Bagmati,1
0.2511,0.4,0.708,3978.0,0,0,0,0,0,1,0,1,0,1,3,4,93,1,0.2553,1,1,0.5022,0.0456987,2,0.3413,6,926666.67,46.0,0.33,2,179000,2.43,2,45,HAA-00008,NP0021,Nepal Spices Pvt. Ltd.,Agriculture,Gandaki,0
0.4056,0.4,0.397,9667.0,0,0,0,0,1,0,0,0,1,0,2,2,254,1,0.2708,3,1,0.8112,0.07853199999999999,0,0.2753,6,435166.67,66.0,0.5,3,290000,6.52,2,30,HAA-00009,NP0103,Hetauda Chemicals Pvt. Ltd.,Manufacturing,Sudurpashchim,0
0.3408,0.4,1.301,30967.0,0,0,0,0,1,1,0,0,0,1,2,3,172,0,0.3615,3,2,0.6816,0.3358335,0,0.2805,5,1039800.0,43.2,0.4,2,929000,7.74,2,30,HAA-00010,NP0122,Nepal Trade House,Trading & Import,Gandaki,0
0.394,0.0,0.514,5867.0,0,0,1,0,0,0,0,0,0,1,4,1,0,0,0.12,2,1,0.0,0.03168,0,0.1028,6,564333.33,27.67,0.17,1,264000,3.37,0,45,HAA-00011,NP0075,Goodwill Finance Co.,Banking & Finance,Lumbini,0
0.2764,0.4,0.723,42167.0,0,0,0,0,1,0,0,0,1,1,1,2,286,0,0.1917,3,2,0.5528,0.24250049999999998,0,0.2336,3,1109333.33,9.67,0.0,0,1265000,6.88,2,30,HAA-00012,NP0088,Tamor Power Pvt. Ltd.,Hydropower,Madhesh,0
0.2663,0.6,0.243,14167.0,0,1,0,0,0,0,0,0,0,1,2,3,193,0,0.1917,1,1,0.7988999999999999,0.0814725,0,0.3016,8,628000.0,21.5,0.25,2,425000,2.83,3,30,HAA-00013,NP0117,Tamor Power Pvt. Ltd.,Hydropower,Gandaki,1
0.2708,0.2,1.405,33433.0,0,0,0,0,0,1,0,1,0,1,4,4,35,0,0.3615,1,2,0.2708,0.3625845,1,0.2965,4,1110250.0,38.0,0.25,1,1003000,2.86,1,30,HAA-00014,NP0100,Everest Imports Pvt. Ltd.,Trading & Import,Bagmati,1
0.2541,0.0,1.582,38533.0,0,0,1,0,0,0,0,0,0,0,1,1,0,1,0.2708,1,2,0.0,0.31304479999999996,0,0.105,7,891000.0,27.71,0.14,1,1156000,1.19,0,30,HAA-00015,NP0104,Nepal Cement Udyog,Manufacturing,Karnali,0
0.6372,0.2,1.522,24711.0,0,0,0,0,0,0,0,0,0,0,2,3,154,0,0.2708,2,2,0.6372,0.3011296,0,0.2516,9,834333.33,49.67,0.33,3,1112000,4.1,1,45,HAA-00016,NP0152,Nepal Cement Udyog,Manufacturing,Karnali,1
0.2778,0.4,0.611,35633.0,0,0,0,0,1,0,0,0,0,0,3,3,149,1,0.1917,3,2,0.5556,0.2049273,0,0.2339,6,592666.67,26.5,0.17,1,1069000,6.63,2,30,HAA-00017,NP0131,Upper Karnali Hydro Pvt. Ltd.,Hydropower,Madhesh,0
0.2958,0.2,0.436,3800.0,0,0,0,0,1,0,0,0,0,1,3,3,111,0,0.1977,3,1,0.2958,0.0338067,0,0.1687,2,282500.0,49.5,0.5,1,171000,8.48,1,45,HAA-00018,NP0150,Nepal Data Solutions,Services & IT,Koshi,1
0.4826,0.4,1.147,27300.0,0,0,0,0,1,1,0,0,0,1,4,1,0,0,0.3615,2,2,0.9652,0.29606849999999996,0,0.3088,8,489250.0,68.0,0.75,6,819000,5.53,2,30,HAA-00019,NP0053,Himalayan Traders Pvt. Ltd.,Trading & Import,Bagmati,0
0.257,0.2,0.918,35667.0,0,0,0,0,1,0,1,0,0,1,4,1,6,0,0.1917,3,2,0.257,0.3076785,0,0.1597,5,662400.0,25.8,0.2,1,1605000,7.8,1,45,HAA-00020,NP0002,Tamor Power Pvt. Ltd.,Hydropower,Sudurpashchim,0
0.5347,0.2,0.423,12333.0,0,0,0,0,1,0,0,0,1,0,1,2,242,0,0.1917,3,2,0.5347,0.141858,0,0.2153,3,1109333.33,9.67,0.0,0,740000,7.45,1,60,HAA-00021,NP0088,Seti River Power Co.,Hydropower,Bagmati,0
0.3126,0.2,1.223,19400.0,0,0,0,0,0,1,0,0,0,0,2,3,160,0,0.3615,1,2,0.3126,0.31558949999999997,0,0.2048,4,632500.0,60.75,0.5,2,873000,1.77,1,45,HAA-00022,NP0158,Annapurna Merchandise Pvt. Ltd.,Trading & Import,Madhesh,1
0.4849,0.4,1.956,10417.0,0,0,0,0,0,1,0,0,0,1,3,3,135,1,0.4259,2,2,0.9698,0.2661875,0,0.3222,4,548500.0,10.75,0.0,0,625000,4.5,2,60,HAA-00023,NP0038,Pokhara Resort & Spa,Tourism & Hotels,Sudurpashchim,0
0.3878,0.4,1.242,29150.0,0,0,0,0,0,1,1,1,0,1,4,4,16,1,0.4579,1,2,0.7756,0.8008671,2,0.4091,7,1051285.71,35.0,0.29,2,1749000,1.27,2,60,HAA-00024,NP0130,Bhaktapur Builders,Construction,Lumbini,1
0.3032,0.8,1.502,16000.0,0,1,0,0,1,1,0,0,0,1,3,3,114,1,0.4259,3,1,1.2128,0.204432,0,0.4258,7,629857.14,76.86,0.86,6,480000,6.22,4,30,HAA-00025,NP0192,Lumbini Hospitality Pvt. Ltd.,Tourism & Hotels,Madhesh,1
0.3438,0.8,1.637,25978.0,0,1,0,0,1,1,0,1,0,1,3,4,81,0,0.3615,3,2,1.3752,0.4225935,4,0.5211,6,696666.67,47.33,0.5,3,1169000,8.56,4,45,HAA-00026,NP0188,Himalayan Traders Pvt. Ltd.,Trading & Import,Koshi,0
0.3893,0.4,0.461,13450.0,0,0,0,0,0,0,0,0,0,1,1,1,0,1,0.1917,1,2,0.7786,0.15470190000000003,0,0.2562,6,926666.67,46.0,0.33,2,807000,1.45,2,60,HAA-00027,NP0021,Upper Karnali Hydro Pvt. Ltd.,Hydropower,Bagmati,1
0.4318,0.4,1.034,24600.0,0,0,0,0,1,1,0,0,0,1,1,1,307,0,0.3615,3,2,0.8636,0.266787,0,0.2987,11,1313545.45,69.09,0.64,7,738000,6.67,2,30,HAA-00028,NP0161,Everest Imports Pvt. Ltd.,Trading & Import,Lumbini,0
0.2778,0.2,1.75,22900.0,0,0,0,0,1,0,0,0,1,0,2,2,253,0,0.1977,2,2,0.2778,0.1358199,0,0.1651,9,710222.22,52.78,0.33,3,687000,5.78,1,30,HAA-00029,NP0058,CloudNepal Pvt. Ltd.,Services & IT,Bagmati,0
0.538,0.4,0.406,4833.0,0,0,0,0,1,1,0,0,0,0,2,3,156,1,0.3615,2,1,1.076,0.10483499999999998,0,0.3199,3,696000.0,73.0,0.67,2,290000,5.36,2,60,HAA-00030,NP0022,Annapurna Merchandise Pvt. Ltd.,Trading & Import,Gandaki,1
0.3883,0.6,1.461,23711.0,0,1,0,0,0,0,0,0,0,1,2,3,193,0,0.2708,2,2,1.1648999999999998,0.28894359999999997,0,0.3418,4,909000.0,29.5,0.25,1,1067000,3.66,3,45,HAA-00031,NP0089,Biratnagar Textile Mills,Manufacturing,Bagmati,0
0.2661,0.0,1.032,8700.0,0,0,1,0,0,1,0,0,0,0,1,1,327,0,0.2553,2,1,0.0,0.0666333,0,0.1043,4,1023250.0,10.5,0.0,0,261000,3.36,0,30,HAA-00032,NP0049,Nepal Spices Pvt. Ltd.,Agriculture,Gandaki,0
0.2766,0.2,1.251,30467.0,0,0,0,0,0,0,0,0,0,1,1,1,301,0,0.2708,0,2,0.2766,0.2475112,0,0.1795,3,834666.67,12.67,0.0,0,914000,0.65,1,30,HAA-00033,NP0059,Butwal Steel Industries,Manufacturing,Madhesh,0
0.3995,0.0,1.292,11267.0,0,0,1,0,0,0,0,1,0,0,3,4,71,0,0.1977,1,2,0.0,0.1002339,0,0.2194,5,474200.0,92.4,0.8,4,507000,2.16,0,45,HAA-00034,NP0170,CloudNepal Pvt. Ltd.,Services & IT,Karnali,0
0.2935,0.4,1.605,25467.0,0,0,0,1,0,1,0,0,0,1,4,1,0,0,0.3615,0,2,0.587,0.41427899999999995,0,0.371,6,696666.67,47.33,0.5,3,1146000,0.38,2,45,HAA-00035,NP0188,Nepal Trade House,Trading & Import,Bagmati,1
0.2811,0.6,1.295,40511.0,0,1,0,0,1,1,1,0,0,1,3,3,132,0,0.4579,2,2,0.8433,0.8347517,0,0.3578,6,872833.33,61.33,0.5,3,1823000,5.34,3,45,HAA-00036,NP0015,Pokhara Construction Co.,Construction,Lumbini,1
0.2687,0.2,0.275,4467.0,0,0,0,0,0,0,0,0,0,1,3,3,123,0,0.2708,1,1,0.2687,0.0544308,0,0.1779,13,810153.85,39.08,0.31,4,201000,1.18,1,45,HAA-00037,NP0190,Butwal Steel Industries,Manufacturing,Gandaki,1
0.3495,0.8,1.398,43756.0,0,1,0,0,1,1,1,0,0,1,2,2,226,1,0.4579,3,2,1.398,0.9016050999999999,0,0.4415,13,810153.85,39.08,0.31,4,1969000,7.89,4,45,HAA-00038,NP0190,Nepal Infrastructure Pvt. Ltd.,Construction,Karnali,1
0.4972,0.2,0.501,7956.0,0,0,0,0,0,1,0,1,0,1,4,4,39,0,0.3615,2,1,0.4972,0.12941699999999998,1,0.3417,4,1173000.0,40.0,0.25,1,358000,4.83,1,45,HAA-00039,NP0175,Nepal Trade House,Trading & Import,Gandaki,1
0.4676,0.6,0.738,11711.0,0,1,0,0,1,1,0,1,0,0,4,4,45,1,0.3615,3,2,1.4028,0.1905105,3,0.4758,13,810153.85,39.08,0.31,4,527000,6.37,3,45,HAA-00040,NP0190,Annapurna Merchandise Pvt. Ltd.,Trading & Import,Koshi,0
0.4465,0.2,0.871,13822.0,0,0,0,0,0,1,0,1,0,1,3,4,105,0,0.3615,2,2,0.4465,0.224853,1,0.3316,7,725428.57,34.86,0.29,2,622000,3.84,1,45,HAA-00041,NP0051,Nepal Trade House,Trading & Import,Sudurpashchim,0
0.3351,0.4,0.849,26556.0,0,0,0,0,1,1,0,0,1,0,2,2,242,0,0.4579,2,2,0.6702,0.5471905,0,0.2986,4,896750.0,101.25,0.75,3,1195000,5.16,2,45,HAA-00042,NP0108,Bhaktapur Builders,Construction,Gandaki,1
0.6323,0.2,0.823,14100.0,0,0,0,0,1,0,0,0,0,1,1,1,299,0,0.12,3,1,0.6323,0.05076,0,0.2205,3,420333.33,11.33,0.0,0,423000,8.5,1,30,HAA-00043,NP0055,NMB Finance,Banking & Finance,Sudurpashchim,0
0.3236,0.2,1.523,71500.0,0,0,0,0,0,1,1,0,0,1,1,1,311,1,0.4579,0,3,0.3236,0.9821955,0,0.2263,1,2145000.0,10.0,0.0,0,2145000,0.97,1,30,HAA-00044,NP0064,Bhaktapur Builders,Construction,Sudurpashchim,0
0.4148,0.2,1.255,14933.0,0,0,0,0,0,1,0,1,0,1,3,4,88,0,0.3615,1,2,0.4148,0.32390399999999997,1,0.3253,6,592666.67,26.5,0.17,1,896000,2.47,1,60,HAA-00045,NP0131,Annapurna Merchandise Pvt. Ltd.,Trading & Import,Sudurpashchim,0
0.447,0.6,1.182,15467.0,0,1,0,0,1,0,0,1,0,1,4,4,33,0,0.1977,3,1,1.341,0.0917328,3,0.4389,7,725428.57,34.86,0.29,2,464000,7.07,3,30,HAA-00046,NP0051,Nepal Data Solutions,Services & IT,Bagmati,0
0.2704,0.2,0.224,13033.0,0,0,0,0,0,0,0,1,0,1,4,4,21,0,0.1917,1,1,0.2704,0.07495470000000001,1,0.2624,5,929600.0,7.6,0.0,0,391000,1.11,1,30,HAA-00047,NP0135,Marsyangdi Energy Pvt. Ltd.,Hydropower,Gandaki,0
0.3774,0.8,1.552,90467.0,0,1,0,0,0,0,1,0,0,1,3,3,165,0,0.1917,0,3,1.5096,0.5202738,0,0.3938,6,926666.67,46.0,0.33,2,2714000,0.91,4,30,HAA-00048,NP0021,Upper Karnali Hydro Pvt. Ltd.,Hydropower,Madhesh,0
0.5755,0.6,1.574,18733.0,0,1,0,0,0,1,0,1,0,1,4,4,18,0,0.3615,2,2,1.7265000000000001,0.406326,3,0.4974,1,1124000.0,132.0,1.0,1,1124000,3.41,3,60,HAA-00049,NP0073,Himalayan Traders Pvt. Ltd.,Trading & Import,Gandaki,1
0.2803,0.6,1.291,60600.0,0,1,0,0,0,1,1,0,0,1,4,1,0,1,0.4579,1,2,0.8409,0.8324621999999999,0,0.3576,4,1161750.0,59.5,0.5,2,1818000,1.06,3,30,HAA-00050,NP0167,Nepal Infrastructure Pvt. Ltd.,Construction,Lumbini,1
0.6175,0.0,0.158,3767.0,0,0,1,0,1,1,0,0,1,0,2,2,234,1,0.3615,2,1,0.0,0.0408495,0,0.1958,2,278000.0,58.5,0.5,1,113000,5.37,0,30,HAA-00051,NP0018,Nepal Trade House,Trading & Import,Bagmati,0
0.3016,0.2,0.278,6767.0,0,0,0,0,0,0,0,0,0,1,2,3,189,0,0.2708,1,1,0.3016,0.0549724,0,0.1845,5,808000.0,56.4,0.4,2,203000,2.23,1,30,HAA-00052,NP0132,Hetauda Chemicals Pvt. Ltd.,Manufacturing,Bagmati,1
0.2911,0.0,0.496,5667.0,0,0,1,0,1,0,0,0,0,0,4,1,0,0,0.12,3,1,0.0,0.0306,0,0.0822,4,909000.0,29.5,0.25,1,255000,8.09,0,45,HAA-00053,NP0089,Goodwill Finance Co.,Banking & Finance,Gandaki,0
0.42,0.2,0.353,8400.0,0,0,0,0,1,1,0,0,0,1,2,2,211,0,0.3615,3,1,0.42,0.091098,0,0.2263,5,501400.0,7.4,0.0,0,252000,7.11,1,30,HAA-00054,NP0060,Nepal Trade House,Trading & Import,Lumbini,0
0.2807,0.0,0.906,22067.0,0,0,1,0,1,0,0,0,0,1,4,1,1,0,0.2708,3,2,0.0,0.1792696,0,0.1103,3,740666.67,45.67,0.33,1,662000,6.37,0,30,HAA-00055,NP0014,Biratnagar Textile Mills,Manufacturing,Gandaki,0
0.3585,0.4,1.594,37933.0,0,0,0,0,1,1,0,0,0,0,1,1,0,0,0.3615,2,2,0.717,0.41138699999999995,0,0.284,5,535200.0,49.2,0.4,2,1138000,5.65,2,30,HAA-00056,NP0009,Annapurna Merchandise Pvt. Ltd.,Trading & Import,Lumbini,0
0.3762,0.0,0.88,25650.0,0,0,1,0,1,0,1,1,0,0,3,4,63,0,0.1917,3,2,0.0,0.2950263,0,0.2136,9,613555.56,41.0,0.33,3,1539000,7.81,0,60,HAA-00057,NP0090,Marsyangdi Energy Pvt. Ltd.,Hydropower,Gandaki,0
0.62,0.2,0.194,2067.0,0,0,0,0,0,1,0,1,0,1,4,4,36,0,0.4259,1,0,0.62,0.0264058,1,0.3792,8,489250.0,68.0,0.75,6,62000,2.2,1,30,HAA-00058,NP0053,Thamel Tourism Pvt. Ltd.,Tourism & Hotels,Koshi,1
0.4495,0.2,0.585,34133.0,0,0,0,0,1,0,0,1,0,0,4,4,61,0,0.1917,3,2,0.4495,0.19630080000000003,1,0.2982,7,1051285.71,35.0,0.29,2,1024000,7.89,1,30,HAA-00059,NP0130,Seti River Power Co.,Hydropower,Lumbini,1
0.2612,0.0,0.255,4133.0,0,0,1,0,1,0,0,1,0,0,3,4,64,0,0.2708,3,1,0.0,0.0503688,0,0.2064,6,739333.33,8.33,0.0,0,186000,7.16,0,45,HAA-00060,NP0084,Hetauda Chemicals Pvt. Ltd.,Manufacturing,Gandaki,0
0.4032,0.4,0.235,1250.0,0,0,0,0,1,1,0,0,0,1,2,3,192,1,0.4259,3,0,0.8064,0.0319425,0,0.3058,7,800428.57,47.29,0.29,2,75000,6.8,2,60,HAA-00061,NP0092,Sagarmatha Trekking Co.,Tourism & Hotels,Gandaki,1
0.3488,0.2,0.68,11044.0,0,0,0,0,1,0,0,0,0,1,1,1,299,0,0.2708,2,1,0.3488,0.1345876,0,0.1939,5,587800.0,52.4,0.4,2,497000,5.16,1,45,HAA-00062,NP0111,Hetauda Chemicals Pvt. Ltd.,Manufacturing,Bagmati,0
0.3534,0.6,0.545,12800.0,0,1,0,0,0,1,0,0,0,1,2,3,179,0,0.4579,1,2,1.0602,0.3516672,0,0.3723,6,696666.67,47.33,0.5,3,768000,2.4,3,60,HAA-00063,NP0188,Pokhara Construction Co.,Construction,Gandaki,1
0.336,0.6,1.621,19733.0,0,1,0,0,0,0,0,1,0,0,3,4,61,0,0.2708,2,2,1.008,0.32062719999999995,3,0.4314,3,851666.67,10.0,0.0,0,1184000,3.96,3,60,HAA-00064,NP0199,Biratnagar Textile Mills,Manufacturing,Lumbini,0
0.6049,0.2,1.966,47867.0,0,0,0,0,1,0,0,0,0,1,1,1,297,1,0.2708,3,2,0.6049,0.38886879999999996,0,0.2451,5,587400.0,70.0,0.6,3,1436000,7.19,1,30,HAA-00065,NP0172,Biratnagar Textile Mills,Manufacturing,Gandaki,0
0.4158,0.2,0.856,13889.0,0,0,0,0,0,0,0,0,0,1,1,1,315,0,0.2708,0,2,0.4158,0.16924999999999998,0,0.2073,6,790666.67,26.17,0.17,1,625000,0.53,1,45,HAA-00066,NP0008,Nepal Cement Udyog,Manufacturing,Bagmati,0
0.3023,0.2,0.813,47400.0,0,0,0,0,1,0,0,0,1,1,1,2,284,0,0.1917,3,2,0.3023,0.2725974,0,0.1688,4,1173000.0,40.0,0.25,1,1422000,7.09,1,30,HAA-00067,NP0175,Marsyangdi Energy Pvt. Ltd.,Hydropower,Koshi,0
0.4996,0.4,1.46,56733.0,0,0,0,0,0,0,1,1,0,0,4,4,58,1,0.1917,1,3,0.9992,0.4894101,2,0.3783,5,1293200.0,5.8,0.0,0,2553000,2.35,2,45,HAA-00068,NP0035,Tamor Power Pvt. Ltd.,Hydropower,Bagmati,0
0.4979,0.4,0.591,7733.0,0,0,0,0,0,0,0,0,0,0,1,1,0,0,0.1977,1,1,0.9958,0.0458664,0,0.2791,5,626400.0,27.4,0.2,1,232000,1.51,2,30,HAA-00069,NP0081,Kathmandu Tech Hub,Services & IT,Sudurpashchim,0
0.6562,0.4,0.46,11200.0,0,0,0,0,0,0,0,0,0,0,1,1,0,0,0.2708,1,1,1.3124,0.0909888,0,0.3254,7,589714.29,68.86,0.71,5,336000,1.26,2,30,HAA-00070,NP0164,Biratnagar Textile Mills,Manufacturing,Bagmati,1
0.3856,0.4,1.485,17667.0,0,0,0,1,0,1,0,0,0,1,3,3,124,0,0.3615,0,2,0.7712,0.38319000000000003,0,0.3894,4,800750.0,72.25,0.75,3,1060000,0.49,2,60,HAA-00071,NP0050,Annapurna Merchandise Pvt. Ltd.,Trading & Import,Karnali,1
0.27,0.2,0.254,2700.0,0,0,0,0,0,1,0,1,0,1,4,4,17,1,0.4259,2,0,0.27,0.0344979,1,0.3092,7,891000.0,27.71,0.14,1,81000,4.83,1,30,HAA-00072,NP0104,Lumbini Hospitality Pvt. Ltd.,Tourism & Hotels,Gandaki,0
0.6137,0.0,1.11,32350.0,0,0,1,0,0,0,1,1,0,1,4,4,36,0,0.1917,1,2,0.0,0.3720897,0,0.2611,5,808000.0,56.4,0.4,2,1941000,2.16,0,60,HAA-00073,NP0132,Upper Karnali Hydro Pvt. Ltd.,Hydropower,Gandaki,0
0.5054,0.0,1.07,14000.0,0,0,1,0,1,0,0,0,0,0,3,3,152,0,0.1977,3,1,0.0,0.083034,0,0.1406,5,662400.0,25.8,0.2,1,420000,8.91,0,30,HAA-00074,NP0002,Digital Yatra Pvt. Ltd.,Services & IT,Bagmati,0
0.4397,0.8,0.689,16400.0,0,1,0,0,1,1,0,0,0,1,3,3,125,0,0.3615,2,1,1.7588,0.177858,0,0.4402,4,442500.0,54.75,0.5,2,492000,5.28,4,30,HAA-00075,NP0134,Everest Imports Pvt. Ltd.,Trading & Import,Bagmati,1
0.3003,0.4,0.641,7633.0,0,0,0,0,0,1,0,0,1,0,1,2,254,1,0.3615,1,1,0.6006,0.165567,0,0.2724,9,511888.89,40.67,0.33,3,458000,1.46,2,60,HAA-00076,NP0054,Nepal Trade House,Trading & Import,Bagmati,0
0.3224,0.4,1.346,52311.0,0,0,0,0,1,0,1,0,0,0,4,1,0,0,0.1917,3,3,0.6448,0.45126180000000005,0,0.2428,3,1257666.67,50.67,0.33,1,2354000,6.28,2,45,HAA-00077,NP0106,Upper Karnali Hydro Pvt. Ltd.,Hydropower,Bagmati,0
0.3939,0.4,0.326,2311.0,0,0,0,0,1,1,0,0,0,1,2,3,191,1,0.4259,3,1,0.7878,0.044293599999999995,0,0.304,4,1219250.0,61.75,0.5,2,104000,8.11,2,45,HAA-00078,NP0004,Sagarmatha Trekking Co.,Tourism & Hotels,Lumbini,1
0.2944,0.4,0.54,7067.0,0,0,0,0,1,0,0,0,0,1,2,3,172,0,0.1977,3,1,0.5888,0.041912399999999995,0,0.2384,9,511888.89,40.67,0.33,3,212000,6.77,2,30,HAA-00079,NP0054,Digital Yatra Pvt. Ltd.,Services & IT,Bagmati,1
0.3307,0.2,1.296,20556.0,0,0,0,0,0,1,0,1,0,0,3,4,74,0,0.3615,0,2,0.3307,0.3343875,1,0.3084,7,646714.29,54.14,0.43,3,925000,0.92,1,45,HAA-00080,NP0191,Nepal Trade House,Trading & Import,Koshi,1
0.2674,0.0,1.0,11422.0,0,0,1,0,1,0,0,0,0,1,2,2,198,1,0.12,3,2,0.0,0.06168,0,0.0775,5,720600.0,49.4,0.4,2,514000,8.09,0,45,HAA-00081,NP0146,Goodwill Finance Co.,Banking & Finance,Bagmati,0
0.2821,0.4,0.347,5511.0,0,0,0,0,1,1,0,0,1,0,2,2,227,1,0.3615,3,1,0.5642,0.089652,0,0.2687,4,562500.0,13.0,0.0,0,248000,7.2,2,45,HAA-00082,NP0044,Annapurna Merchandise Pvt. Ltd.,Trading & Import,Sudurpashchim,0
0.4691,0.2,1.519,26033.0,0,0,0,0,0,0,0,1,0,1,3,4,104,0,0.12,1,2,0.4691,0.09372,1,0.2878,4,1097250.0,40.5,0.5,2,781000,1.64,1,30,HAA-00083,NP0162,NMB Finance,Banking & Finance,Gandaki,0
0.4588,0.4,0.765,9100.0,0,0,0,0,0,1,0,0,0,1,1,1,295,0,0.3615,0,2,0.9176,0.197379,0,0.3041,13,810153.85,39.08,0.31,4,546000,0.7,2,60,HAA-00084,NP0190,Annapurna Merchandise Pvt. Ltd.,Trading & Import,Bagmati,0
0.5516,0.6,1.445,22933.0,0,1,0,0,1,1,0,1,0,0,4,4,56,0,0.3615,2,2,1.6547999999999998,0.373068,3,0.4926,3,740666.67,45.67,0.33,1,1032000,5.13,3,45,HAA-00085,NP0014,Everest Imports Pvt. Ltd.,Trading & Import,Gandaki,1
0.4269,0.8,1.302,30550.0,0,1,0,0,0,1,1,0,0,1,3,3,117,0,0.4579,1,2,1.7076,0.8393307,0,0.457,6,860000.0,45.67,0.33,2,1833000,1.62,4,60,HAA-00086,NP0095,Bhaktapur Builders,Construction,Bagmati,0
0.25,0.4,1.091,6133.0,0,0,0,0,1,1,0,1,0,1,3,4,98,0,0.2553,3,1,0.5,0.07046280000000002,2,0.3411,7,964571.43,37.57,0.29,2,276000,7.55,2,45,HAA-00087,NP0048,Nepal Spices Pvt. Ltd.,Agriculture,Bagmati,0
0.3979,0.2,0.958,8356.0,0,0,0,0,0,0,0,1,0,1,3,4,89,0,0.1977,2,1,0.3979,0.07433519999999999,1,0.2891,6,872833.33,61.33,0.5,3,376000,3.39,1,45,HAA-00088,NP0015,CloudNepal Pvt. Ltd.,Services & IT,Gandaki,0
0.4875,0.2,1.975,48100.0,0,0,0,0,1,0,0,0,0,0,3,3,142,1,0.2708,3,2,0.4875,0.3907644,0,0.2217,5,1188600.0,81.8,0.8,4,1443000,8.24,1,30,HAA-00089,NP0200,Biratnagar Textile Mills,Manufacturing,Lumbini,1
0.2937,0.4,0.39,5100.0,0,0,0,0,1,0,0,0,0,1,3,3,122,1,0.1977,2,1,0.5874,0.030248099999999997,0,0.2383,13,810153.85,39.08,0.31,4,153000,5.2,2,30,HAA-00090,NP0190,Digital Yatra Pvt. Ltd.,Services & IT,Sudurpashchim,0
0.3501,0.6,1.284,15283.0,0,1,0,0,0,1,0,1,0,0,3,4,55,0,0.3615,1,2,1.0503,0.3314955,3,0.4523,1,917000.0,16.0,0.0,0,917000,1.85,3,60,HAA-00091,NP0040,Everest Imports Pvt. Ltd.,Trading & Import,Gandaki,0
0.5343,0.4,0.431,3633.0,0,0,0,0,0,1,0,1,0,0,4,4,60,0,0.2553,1,1,1.0686,0.027827700000000004,2,0.3979,5,574400.0,23.8,0.2,1,109000,1.47,2,30,HAA-00092,NP0082,Terai Agro Industries,Agriculture,Karnali,1
0.4082,0.6,0.779,8300.0,0,1,0,0,1,1,0,1,0,0,4,4,69,0,0.4259,2,1,1.2246000000000001,0.1060491,3,0.4768,5,587800.0,52.4,0.4,2,249000,5.29,3,30,HAA-00093,NP0111,Pokhara Resort & Spa,Tourism & Hotels,Sudurpashchim,1
0.3943,0.4,0.594,27900.0,0,0,0,0,1,1,0,1,0,1,4,4,17,1,0.4579,3,2,0.7886,0.38326229999999994,2,0.4104,8,489250.0,68.0,0.75,6,837000,6.92,2,30,HAA-00094,NP0053,Nepal Infrastructure Pvt. Ltd.,Construction,Madhesh,1
0.2955,0.0,1.621,27767.0,0,0,1,0,1,0,0,0,1,1,1,2,265,0,0.12,3,2,0.0,0.09996,0,0.0831,5,908200.0,60.6,0.4,2,833000,7.09,0,30,HAA-00095,NP0024,Prabhu Capital Ltd.,Banking & Finance,Gandaki,0
0.6444,0.4,1.567,36783.0,0,0,0,0,0,1,1,0,0,0,2,3,158,0,0.4579,1,3,1.2888,1.0105852999999998,0,0.3605,4,1507250.0,43.0,0.5,2,2207000,2.66,2,60,HAA-00096,NP0154,Nepal Infrastructure Pvt. Ltd.,Construction,Bagmati,0
0.4604,0.2,0.509,6200.0,0,0,0,0,0,0,0,0,0,0,4,1,0,0,0.2708,1,1,0.4604,0.1007376,0,0.2162,6,696666.67,47.33,0.5,3,372000,2.04,1,60,HAA-00097,NP0188,Butwal Steel Industries,Manufacturing,Bagmati,0
0.3583,0.2,0.21,2233.0,0,0,0,1,0,1,0,0,0,1,2,3,190,0,0.4259,0,0,0.3583,0.028535300000000003,0,0.3268,6,908833.33,9.5,0.0,0,67000,0.4,1,30,HAA-00098,NP0124,Pokhara Resort & Spa,Tourism & Hotels,Lumbini,0
0.4604,0.0,1.267,21700.0,0,0,1,0,1,0,0,0,0,1,1,1,289,1,0.12,3,2,0.0,0.07812,0,0.1161,3,497000.0,57.67,0.33,1,651000,6.19,0,30,HAA-00099,NP0041,Prabhu Capital Ltd.,Banking & Finance,Gandaki,1
0.3256,0.6,0.803,12733.0,0,1,0,0,0,1,0,0,0,1,3,3,128,1,0.3615,0,2,0.9768,0.20713949999999998,0,0.3474,3,552666.67,80.0,0.67,2,573000,0.92,3,45,HAA-00100,NP0157,Himalayan Traders Pvt. Ltd.,Trading & Import,Bagmati,1
0.3704,0.4,0.277,1556.0,0,0,0,0,0,1,0,0,1,1,1,2,280,0,0.2553,2,0,0.7408,0.017871000000000005,0,0.2651,6,872833.33,61.33,0.5,3,70000,3.93,2,45,HAA-00101,NP0015,Koshi Farms Ltd.,Agriculture,Gandaki,0
0.4159,0.6,1.148,26950.0,0,1,0,0,1,1,1,0,1,0,1,2,230,0,0.4579,2,2,1.2477,0.7404242999999999,0,0.3848,3,800000.0,8.33,0.0,0,1617000,5.51,3,60,HAA-00102,NP0045,Nepal Infrastructure Pvt. Ltd.,Construction,Bagmati,0
0.2582,0.6,1.003,15911.0,0,1,0,0,1,1,0,0,0,0,1,1,0,0,0.3615,3,2,0.7746,0.25883399999999995,0,0.3339,5,1327800.0,25.0,0.2,1,716000,8.45,3,45,HAA-00103,NP0065,Nepal Trade House,Trading & Import,Koshi,0
0.3246,0.2,1.587,74467.0,0,0,0,0,0,1,1,0,0,0,3,3,137,0,0.4579,1,3,0.3246,1.0229485999999999,0,0.2265,4,909000.0,29.5,0.25,1,2234000,2.98,1,30,HAA-00104,NP0089,Pokhara Construction Co.,Construction,Bagmati,0
0.5482,0.0,0.591,9600.0,0,0,1,0,0,0,0,0,0,1,2,2,216,0,0.2708,1,1,0.0,0.1169856,0,0.1638,3,406333.33,12.0,0.0,0,432000,2.44,0,45,HAA-00105,NP0071,Biratnagar Textile Mills,Manufacturing,Lumbini,0
0.3448,0.6,0.735,17250.0,0,1,0,0,1,1,0,0,0,1,1,1,0,0,0.4579,2,2,1.0344,0.4739264999999999,0,0.3705,5,535200.0,49.2,0.4,2,1035000,5.97,3,60,HAA-00106,NP0009,Bhaktapur Builders,Construction,Koshi,0
0.2897,0.4,0.94,29400.0,0,0,0,0,1,1,0,0,0,0,1,1,0,1,0.4579,2,2,0.5794,0.6058017,0,0.2895,3,1109333.33,9.67,0.0,0,1323000,5.67,2,45,HAA-00107,NP0088,Kathmandu Nirman Pvt. Ltd.,Construction,Bagmati,0
0.3057,0.2,1.389,22044.0,0,0,0,0,0,1,0,0,0,0,2,3,159,0,0.3615,2,2,0.3057,0.358608,0,0.2034,8,999500.0,58.25,0.38,3,992000,3.16,1,45,HAA-00108,NP0129,Everest Imports Pvt. Ltd.,Trading & Import,Gandaki,0
0.5182,0.4,1.158,12333.0,0,0,0,0,1,1,0,0,1,0,2,2,239,0,0.4259,3,1,1.0364,0.157583,0,0.3288,5,562200.0,35.8,0.2,1,370000,8.37,2,30,HAA-00109,NP0136,Lumbini Hospitality Pvt. Ltd.,Tourism & Hotels,Koshi,1
0.2544,0.0,1.152,10044.0,0,0,1,0,1,0,0,0,0,1,4,1,13,0,0.1977,3,1,0.0,0.08936039999999999,0,0.0904,5,750400.0,8.6,0.0,0,452000,7.64,0,45,HAA-00110,NP0063,Digital Yatra Pvt. Ltd.,Services & IT,Bagmati,0
0.3814,0.2,0.497,19333.0,0,0,0,0,0,0,0,1,0,0,4,4,58,1,0.1917,1,2,0.3814,0.166779,1,0.2846,2,487000.0,41.5,0.5,1,870000,2.21,1,45,HAA-00111,NP0139,Seti River Power Co.,Hydropower,Bagmati,1
0.5269,0.4,1.73,42133.0,0,0,0,0,0,0,0,1,0,1,3,4,84,0,0.2708,1,2,1.0538,0.34229119999999996,2,0.3995,5,626400.0,27.4,0.2,1,1264000,2.34,2,30,HAA-00112,NP0081,Butwal Steel Industries,Manufacturing,Bagmati,0
0.5126,0.2,0.812,47367.0,0,0,0,0,0,0,0,0,0,1,4,1,9,1,0.1917,2,2,0.5126,0.27240570000000003,0,0.2109,5,562200.0,35.8,0.2,1,1421000,4.73,1,30,HAA-00113,NP0136,Tamor Power Pvt. Ltd.,Hydropower,Lumbini,0
0.572,0.6,0.423,4500.0,0,1,0,0,1,1,0,1,0,1,3,4,83,0,0.4259,3,1,1.7159999999999997,0.057496500000000006,3,0.5096,5,545600.0,24.8,0.2,1,135000,7.02,3,30,HAA-00114,NP0163,Sagarmatha Trekking Co.,Tourism & Hotels,Lumbini,0
0.285,0.6,1.395,33967.0,0,1,0,0,0,0,0,0,1,0,2,2,231,0,0.2708,0,2,0.855,0.27594519999999995,0,0.3212,5,545600.0,24.8,0.2,1,1019000,0.64,3,30,HAA-00115,NP0163,Nepal Cement Udyog,Manufacturing,Bagmati,0
0.5539,0.4,0.569,13867.0,0,0,0,0,1,0,0,1,0,1,3,4,81,0,0.2708,3,1,1.1078,0.11265279999999998,2,0.4049,7,670000.0,20.14,0.14,1,416000,6.32,2,30,HAA-00116,NP0033,Biratnagar Textile Mills,Manufacturing,Gandaki,1
0.5515,0.4,0.3,7133.0,0,0,0,0,1,1,0,0,0,1,2,2,223,0,0.3615,2,1,1.103,0.077361,0,0.3226,4,1481750.0,50.0,0.5,2,214000,5.92,2,30,HAA-00117,NP0123,Annapurna Merchandise Pvt. Ltd.,Trading & Import,Bagmati,1
0.2758,1.0,1.412,44178.0,0,1,0,0,0,1,1,1,0,1,4,4,42,0,0.4579,1,2,1.379,0.9103051999999999,5,0.5967,5,1034000.0,8.2,0.0,0,1988000,2.28,5,45,HAA-00118,NP0005,Pokhara Construction Co.,Construction,Madhesh,0
0.4235,0.4,0.868,20667.0,0,0,0,0,1,1,0,0,0,1,3,3,108,1,0.3615,3,2,0.847,0.22413,0,0.297,3,497000.0,57.67,0.33,1,620000,6.21,2,30,HAA-00119,NP0041,Himalayan Traders Pvt. Ltd.,Trading & Import,Bagmati,0
0.634,0.0,1.322,31467.0,0,0,1,0,1,1,0,0,0,1,1,1,306,0,0.3615,3,2,0.0,0.34125599999999995,0,0.1991,7,751285.71,66.57,0.57,4,944000,8.48,0,30,HAA-00120,NP0028,Everest Imports Pvt. Ltd.,Trading & Import,Madhesh,1
0.6134,0.6,0.602,7167.0,0,1,0,0,0,1,0,0,0,1,3,3,117,0,0.3615,0,1,1.8401999999999998,0.155445,0,0.405,5,929600.0,7.6,0.0,0,430000,0.66,3,60,HAA-00121,NP0135,Nepal Trade House,Trading & Import,Gandaki,0
0.5391,0.2,1.381,21911.0,0,0,0,0,0,1,0,0,0,1,2,3,194,0,0.3615,2,2,0.5391,0.356439,0,0.2501,3,907666.67,48.67,0.33,1,986000,3.05,1,45,HAA-00122,NP0072,Nepal Trade House,Trading & Import,Koshi,0
0.4917,0.4,0.369,2622.0,0,0,0,0,0,1,0,0,0,1,2,2,200,0,0.4259,2,1,0.9834,0.0502562,0,0.3235,7,390571.43,39.43,0.29,2,118000,4.08,2,45,HAA-00123,NP0012,Thamel Tourism Pvt. Ltd.,Tourism & Hotels,Gandaki,0
0.3162,0.2,0.827,20133.0,0,0,0,0,1,0,0,0,0,1,3,3,115,1,0.2708,3,2,0.3162,0.1635632,0,0.1874,4,1097250.0,40.5,0.5,2,604000,8.12,1,30,HAA-00124,NP0162,Hetauda Chemicals Pvt. Ltd.,Manufacturing,Lumbini,1
0.528,0.2,1.667,19044.0,0,0,0,0,1,0,0,0,0,1,2,2,202,0,0.12,3,2,0.528,0.10284,0,0.1996,7,670000.0,20.14,0.14,1,857000,8.67,1,45,HAA-00125,NP0033,NMB Finance,Banking & Finance,Gandaki,0
0.5566,0.6,1.392,33133.0,0,1,0,0,0,1,0,1,0,0,4,4,51,1,0.3615,2,2,1.6698,0.359331,3,0.4936,7,964571.43,37.57,0.29,2,994000,4.14,3,30,HAA-00126,NP0048,Everest Imports Pvt. Ltd.,Trading & Import,Koshi,0
0.293,0.2,0.963,6300.0,0,0,0,0,1,0,0,0,1,1,1,2,279,0,0.1977,3,1,0.293,0.0747306,0,0.1681,8,851375.0,78.5,0.62,5,378000,6.81,1,60,HAA-00127,NP0151,CloudNepal Pvt. Ltd.,Services & IT,Gandaki,0
0.3147,0.2,0.641,30067.0,0,0,0,0,0,1,0,1,0,1,3,4,93,1,0.4579,2,2,0.3147,0.4130258,1,0.3245,6,907166.67,43.17,0.33,2,902000,4.9,1,30,HAA-00128,NP0062,Bhaktapur Builders,Construction,Gandaki,0
0.3864,0.2,1.74,12356.0,0,0,0,0,0,1,0,1,0,1,4,4,24,1,0.4259,2,2,0.3864,0.23680040000000002,1,0.3325,4,415250.0,27.5,0.25,1,556000,4.96,1,45,HAA-00129,NP0037,Lumbini Hospitality Pvt. Ltd.,Tourism & Hotels,Gandaki,0
0.3481,0.2,1.042,13633.0,0,0,0,0,0,0,0,1,0,1,3,4,89,0,0.1977,1,1,0.3481,0.0808593,1,0.2792,12,652083.33,49.58,0.42,5,409000,2.68,1,30,HAA-00130,NP0099,CloudNepal Pvt. Ltd.,Services & IT,Madhesh,0
0.4383,0.6,1.292,7267.0,0,1,0,0,0,1,0,0,0,0,3,3,138,0,0.2553,1,1,1.3149000000000002,0.08348310000000002,0,0.3487,5,587400.0,70.0,0.6,3,327000,2.15,3,45,HAA-00131,NP0172,Nepal Spices Pvt. Ltd.,Agriculture,Lumbini,1
0.3695,0.2,1.331,21111.0,0,0,0,0,0,1,0,0,0,0,4,1,0,0,0.3615,1,2,0.3695,0.343425,0,0.2162,7,891000.0,27.71,0.14,1,950000,2.77,1,45,HAA-00132,NP0104,Himalayan Traders Pvt. Ltd.,Trading & Import,Bagmati,1
0.3615,0.6,0.174,10133.0,0,1,0,0,1,0,0,0,0,1,2,2,225,0,0.1917,2,1,1.0845,0.058276800000000004,0,0.3206,5,1293200.0,5.8,0.0,0,304000,5.12,3,30,HAA-00133,NP0035,Marsyangdi Energy Pvt. Ltd.,Hydropower,Lumbini,0
0.4052,0.0,0.359,4700.0,0,0,1,0,0,0,0,0,0,0,1,1,328,0,0.1977,0,1,0.0,0.027875699999999996,0,0.1206,3,722333.33,50.67,0.33,1,141000,0.51,0,30,HAA-00134,NP0193,Kathmandu Tech Hub,Services & IT,Lumbini,1
0.2655,1.0,1.113,34822.0,0,1,0,0,1,1,1,0,0,0,2,3,162,0,0.4579,3,2,1.3275000000000001,0.7175292999999999,0,0.4947,7,654000.0,12.29,0.0,0,1567000,8.19,5,45,HAA-00135,NP0101,Pokhara Construction Co.,Construction,Sudurpashchim,0
0.65,0.6,0.401,4767.0,0,1,0,0,0,1,0,0,0,1,1,1,292,0,0.3615,1,1,1.9500000000000002,0.103389,0,0.4123,4,1173000.0,40.0,0.25,1,286000,1.62,3,60,HAA-00136,NP0175,Everest Imports Pvt. Ltd.,Trading & Import,Madhesh,0
0.2894,0.0,0.543,4650.0,0,0,1,0,0,0,0,0,0,0,4,1,0,0,0.12,1,1,0.0,0.03348,0,0.0819,6,592666.67,26.5,0.17,1,279000,2.18,0,60,HAA-00137,NP0131,Kumari Bank Ltd.,Banking & Finance,Lumbini,0
0.5521,0.6,1.619,27733.0,0,1,0,0,0,0,0,0,1,1,1,2,258,0,0.12,2,2,1.6563,0.09984,0,0.3444,6,493666.67,56.67,0.5,3,832000,4.78,3,30,HAA-00138,NP0001,Kumari Bank Ltd.,Banking & Finance,Bagmati,0
0.2862,0.2,0.966,45333.0,0,0,0,0,1,1,0,1,0,0,4,4,47,0,0.4579,3,2,0.2862,0.622744,1,0.3188,5,1034000.0,8.2,0.0,0,1360000,6.46,1,30,HAA-00139,NP0005,Bhaktapur Builders,Construction,Koshi,0
0.329,0.0,1.315,11267.0,0,0,1,0,0,0,0,1,0,1,4,4,22,0,0.12,1,2,0.0,0.08112,0,0.1898,5,668400.0,33.2,0.2,1,676000,1.09,0,60,HAA-00140,NP0142,Goodwill Finance Co.,Banking & Finance,Lumbini,1
0.2771,0.2,1.014,11578.0,0,0,0,0,0,0,0,0,1,0,2,2,240,1,0.12,2,2,0.2771,0.06252,0,0.1494,6,435166.67,66.0,0.5,3,521000,3.03,1,45,HAA-00141,NP0103,Goodwill Finance Co.,Banking & Finance,Karnali,1
0.5732,0.2,1.014,16089.0,0,0,0,0,1,1,0,1,0,1,3,4,93,1,0.3615,3,2,0.5732,0.26172599999999996,1,0.3569,6,1048500.0,60.33,0.5,3,724000,8.73,1,45,HAA-00142,NP0027,Annapurna Merchandise Pvt. Ltd.,Trading & Import,Bagmati,1
0.3454,0.4,0.294,3500.0,0,0,0,0,0,1,0,0,1,1,1,2,287,0,0.3615,1,1,0.6908,0.075915,0,0.2814,5,691200.0,12.4,0.0,0,210000,2.55,2,60,HAA-00143,NP0137,Himalayan Traders Pvt. Ltd.,Trading & Import,Bagmati,0
0.3632,0.0,0.805,9800.0,0,0,1,0,0,0,0,0,0,1,3,3,128,1,0.2708,1,2,0.0,0.1592304,0,0.1268,6,872833.33,61.33,0.5,3,588000,2.99,0,60,HAA-00144,NP0015,Nepal Cement Udyog,Manufacturing,Bagmati,1
0.3062,0.0,0.614,5356.0,0,0,1,0,1,0,0,0,0,1,1,1,314,0,0.1977,3,1,0.0,0.04764569999999999,0,0.1008,9,613555.56,41.0,0.33,3,241000,7.57,0,45,HAA-00145,NP0090,Nepal Data Solutions,Services & IT,Lumbini,0
0.3527,0.2,0.754,43933.0,0,0,0,0,0,0,0,0,0,1,4,1,0,0,0.1917,0,2,0.3527,0.2526606,0,0.1789,3,1199000.0,6.0,0.0,0,1318000,0.69,1,30,HAA-00146,NP0042,Upper Karnali Hydro Pvt. Ltd.,Hydropower,Sudurpashchim,0
0.3507,0.2,1.641,39967.0,0,0,0,0,0,0,0,0,0,0,1,1,0,0,0.2708,2,2,0.3507,0.3246892,0,0.1943,6,908833.33,9.5,0.0,0,1199000,4.32,1,30,HAA-00147,NP0124,Butwal Steel Industries,Manufacturing,Bagmati,0
0.3885,0.0,0.688,21533.0,0,0,1,0,0,1,0,0,1,0,2,2,238,0,0.4579,2,2,0.0,0.44370509999999996,0,0.1693,5,526000.0,32.0,0.2,1,969000,3.57,0,45,HAA-00148,NP0179,Bhaktapur Builders,Construction,Koshi,0
0.4404,0.6,0.983,10467.0,0,1,0,0,0,1,0,0,1,1,1,2,259,0,0.4259,2,1,1.3212000000000002,0.1337326,0,0.3833,5,750400.0,8.6,0.0,0,314000,3.02,3,30,HAA-00149,NP0063,Lumbini Hospitality Pvt. Ltd.,Tourism & Hotels,Lumbini,0
0.3696,0.4,0.726,34067.0,0,0,0,0,0,1,0,1,0,0,4,4,59,1,0.4579,1,2,0.7392,0.4679738,2,0.4055,7,599571.43,17.43,0.14,1,1022000,2.75,2,30,HAA-00150,NP0096,Nepal Infrastructure Pvt. Ltd.,Construction,Koshi,0
0.5556,0.2,0.306,4000.0,0,0,0,0,0,0,0,0,1,0,2,2,242,0,0.1977,1,1,0.5556,0.023724,0,0.2207,6,731500.0,9.5,0.0,0,120000,1.05,1,30,HAA-00151,NP0052,Digital Yatra Pvt. Ltd.,Services & IT,Gandaki,0
0.2561,0.4,0.984,23967.0,0,0,0,0,0,0,0,0,0,1,4,1,8,0,0.2708,1,2,0.5122,0.1947052,0,0.2454,7,599571.43,17.43,0.14,1,719000,3.0,2,30,HAA-00152,NP0096,Butwal Steel Industries,Manufacturing,Madhesh,0
0.3044,0.2,0.533,8644.0,0,0,0,0,0,0,0,0,0,1,3,3,110,0,0.2708,0,1,0.3044,0.1053412,0,0.185,5,808000.0,56.4,0.4,2,389000,0.63,1,45,HAA-00153,NP0132,Hetauda Chemicals Pvt. Ltd.,Manufacturing,Bagmati,0
0.2576,0.6,0.507,3600.0,0,1,0,0,1,1,0,0,0,1,2,3,191,1,0.4259,3,1,0.7727999999999999,0.0689958,0,0.3467,8,851375.0,78.5,0.62,5,162000,7.08,3,45,HAA-00154,NP0151,Pokhara Resort & Spa,Tourism & Hotels,Koshi,1
0.4837,0.8,0.345,8400.0,0,1,0,0,0,0,0,1,0,1,4,4,31,1,0.2708,2,1,1.9348,0.0682416,4,0.5309,3,632000.0,53.33,0.33,1,252000,3.73,4,30,HAA-00155,NP0143,Biratnagar Textile Mills,Manufacturing,Bagmati,1
0.2704,0.0,0.7,40833.0,0,0,1,0,0,0,0,0,0,0,3,3,154,0,0.1917,2,2,0.0,0.23483250000000003,0,0.0924,2,1665500.0,76.0,0.5,1,1225000,4.13,0,30,HAA-00156,NP0171,Tamor Power Pvt. Ltd.,Hydropower,Gandaki,0
0.2839,0.2,1.324,38583.0,0,0,0,0,1,0,1,0,0,0,4,1,0,0,0.1917,3,3,0.2839,0.4437855,0,0.1651,5,1434800.0,33.4,0.2,1,2315000,8.07,1,60,HAA-00157,NP0029,Marsyangdi Energy Pvt. Ltd.,Hydropower,Madhesh,0
0.3132,0.4,0.682,16600.0,0,0,0,0,1,0,0,0,0,1,4,1,0,1,0.2708,3,1,0.6264,0.1348584,0,0.2568,4,902250.0,10.0,0.0,0,498000,6.01,2,30,HAA-00158,NP0036,Butwal Steel Industries,Manufacturing,Bagmati,0
0.3266,0.6,0.637,10111.0,0,1,0,1,0,1,0,0,1,1,1,2,259,0,0.3615,0,1,0.9798,0.1644825,0,0.4476,4,583250.0,32.5,0.25,1,455000,0.32,3,45,HAA-00159,NP0013,Everest Imports Pvt. Ltd.,Trading & Import,Bagmati,0
0.4365,0.6,1.155,13750.0,0,1,0,0,1,1,0,0,0,1,1,1,304,1,0.3615,3,2,1.3094999999999999,0.2982375,0,0.3696,8,879250.0,26.0,0.25,2,825000,8.5,3,60,HAA-00160,NP0160,Himalayan Traders Pvt. Ltd.,Trading & Import,Koshi,0
0.2825,0.2,0.533,12967.0,0,0,0,0,0,0,0,0,0,0,1,1,0,1,0.2708,1,1,0.2825,0.1053412,0,0.1807,3,406333.33,12.0,0.0,0,389000,2.33,1,30,HAA-00161,NP0071,Hetauda Chemicals Pvt. Ltd.,Manufacturing,Lumbini,0
0.3632,0.4,1.787,12689.0,0,0,0,0,0,1,0,0,0,1,4,1,0,1,0.4259,1,2,0.7264,0.24318889999999999,0,0.2978,6,696166.67,5.83,0.0,0,571000,1.19,2,45,HAA-00162,NP0187,Pokhara Resort & Spa,Tourism & Hotels,Gandaki,0
0.5962,0.0,0.955,27833.0,0,0,1,0,1,0,1,0,1,1,1,2,284,0,0.1917,3,2,0.0,0.320139,0,0.1576,8,897375.0,33.5,0.25,2,1670000,6.97,0,60,HAA-00163,NP0086,Upper Karnali Hydro Pvt. Ltd.,Hydropower,Bagmati,0
0.4381,0.4,0.8,37533.0,0,0,0,0,0,1,0,1,0,1,4,4,30,1,0.4579,2,2,0.8762,0.5155953999999999,2,0.4192,7,751285.71,66.57,0.57,4,1126000,4.63,2,30,HAA-00164,NP0028,Nepal Infrastructure Pvt. Ltd.,Construction,Bagmati,1
0.2605,0.8,0.962,30111.0,0,1,0,0,0,1,0,0,0,0,2,3,152,0,0.4579,2,2,1.042,0.6204544999999999,0,0.4237,3,755666.67,5.67,0.0,0,1355000,4.05,4,45,HAA-00165,NP0066,Kathmandu Nirman Pvt. Ltd.,Construction,Gandaki,0
0.2758,0.6,0.408,9700.0,0,1,0,0,0,1,0,0,1,0,2,2,240,1,0.3615,1,1,0.8273999999999999,0.10519649999999998,0,0.3375,5,474200.0,92.4,0.8,4,291000,2.43,3,30,HAA-00166,NP0170,Nepal Trade House,Trading & Import,Bagmati,1
0.2528,0.0,1.154,15100.0,0,0,1,0,1,0,0,0,0,1,4,1,14,0,0.1977,2,1,0.0,0.0895581,0,0.0901,3,800000.0,8.33,0.0,0,453000,5.04,0,30,HAA-00167,NP0045,Digital Yatra Pvt. Ltd.,Services & IT,Sudurpashchim,0
0.3259,0.2,0.823,4383.0,0,0,0,0,0,1,0,0,1,0,1,2,233,1,0.4259,1,1,0.3259,0.1120117,0,0.2204,6,907166.67,43.17,0.33,2,263000,2.65,1,60,HAA-00168,NP0062,Pokhara Resort & Spa,Tourism & Hotels,Bagmati,1
0.4719,0.6,1.464,34350.0,0,1,0,0,1,1,1,0,0,0,4,1,0,0,0.4579,3,3,1.4157,0.9437319,0,0.396,5,1392000.0,40.4,0.4,2,2061000,8.14,3,60,HAA-00169,NP0185,Kathmandu Nirman Pvt. Ltd.,Construction,Gandaki,0
0.5245,0.4,0.483,7844.0,0,0,0,0,0,0,0,0,1,0,1,2,244,0,0.2708,1,1,1.049,0.0955924,0,0.2991,4,442500.0,54.75,0.5,2,353000,2.13,2,45,HAA-00170,NP0134,Hetauda Chemicals Pvt. Ltd.,Manufacturing,Bagmati,0
0.5088,0.0,0.913,7700.0,0,0,1,0,1,1,0,0,0,1,3,3,111,0,0.2553,3,1,0.0,0.05897430000000001,0,0.1528,7,751285.71,66.57,0.57,4,231000,7.99,0,30,HAA-00171,NP0028,Terai Agro Industries,Agriculture,Bagmati,1
0.6453,0.6,1.022,47967.0,0,1,0,0,1,1,0,0,1,0,2,2,253,0,0.4579,2,2,1.9359,0.6589181,0,0.4306,7,751285.71,66.57,0.57,4,1439000,5.14,3,30,HAA-00172,NP0028,Kathmandu Nirman Pvt. Ltd.,Construction,Lumbini,1
0.4037,0.6,0.188,5867.0,0,1,0,0,1,1,0,0,0,1,3,3,120,0,0.4579,3,1,1.2111,0.1208856,0,0.3823,4,896750.0,101.25,0.75,3,264000,7.5,3,45,HAA-00173,NP0108,Bhaktapur Builders,Construction,Lumbini,1
0.5055,0.0,0.712,12200.0,0,0,1,0,1,0,0,1,0,1,3,4,85,0,0.12,3,1,0.0,0.04392,0,0.2251,4,562500.0,13.0,0.0,0,366000,6.49,0,30,HAA-00174,NP0044,Goodwill Finance Co.,Banking & Finance,Bagmati,0
0.3954,0.2,1.297,20578.0,0,0,0,0,1,1,0,0,1,0,1,2,250,0,0.3615,3,2,0.3954,0.334749,0,0.2214,6,739333.33,8.33,0.0,0,926000,6.35,1,45,HAA-00175,NP0084,Himalayan Traders Pvt. Ltd.,Trading & Import,Bagmati,0
0.2606,0.6,1.434,22756.0,0,1,0,0,0,1,0,0,0,1,3,3,129,1,0.3615,2,2,0.7818,0.370176,0,0.3344,6,820666.67,29.0,0.17,1,1024000,3.09,3,45,HAA-00176,NP0030,Nepal Trade House,Trading & Import,Bagmati,0
0.3881,0.6,0.601,18800.0,0,1,0,0,0,1,0,0,0,0,3,3,148,0,0.4579,1,2,1.1643,0.3873834,0,0.3792,13,810153.85,39.08,0.31,4,846000,2.3,3,45,HAA-00177,NP0190,Nepal Infrastructure Pvt. Ltd.,Construction,Koshi,1
0.2707,0.0,1.609,11422.0,0,0,1,0,0,1,0,0,0,1,1,1,294,0,0.4259,1,2,0.0,0.2189126,0,0.1393,6,564333.33,27.67,0.17,1,514000,2.1,0,45,HAA-00178,NP0075,Lumbini Hospitality Pvt. Ltd.,Tourism & Hotels,Lumbini,0
0.3318,0.4,1.568,73600.0,0,0,0,0,1,1,1,1,0,1,4,4,36,0,0.4579,3,3,0.6636,1.0110432,2,0.3979,8,625000.0,22.75,0.12,1,2208000,7.75,2,30,HAA-00179,NP0128,Nepal Infrastructure Pvt. Ltd.,Construction,Bagmati,0
0.4723,0.8,1.492,35500.0,0,1,0,0,1,1,0,0,0,1,2,2,212,1,0.3615,3,2,1.8892,0.3849975,0,0.4468,7,800428.57,47.29,0.29,2,1065000,7.43,4,30,HAA-00180,NP0092,Annapurna Merchandise Pvt. Ltd.,Trading & Import,Gandaki,0
0.4183,0.4,0.389,9467.0,0,0,0,0,0,0,0,0,0,1,3,3,125,0,0.2708,2,1,0.8366,0.0769072,0,0.2778,13,810153.85,39.08,0.31,4,284000,4.11,2,30,HAA-00181,NP0190,Hetauda Chemicals Pvt. Ltd.,Manufacturing,Koshi,0
0.5849,0.2,1.296,50378.0,0,0,0,0,0,0,1,0,0,1,3,3,132,0,0.1917,1,3,0.5849,0.4345839,0,0.2253,8,999500.0,58.25,0.38,3,2267000,1.41,1,45,HAA-00182,NP0129,Tamor Power Pvt. Ltd.,Hydropower,Madhesh,0
0.4288,0.6,0.745,5289.0,0,1,0,0,0,1,0,0,0,1,3,3,132,0,0.4259,2,1,1.2864,0.1013642,0,0.3809,2,264500.0,14.0,0.0,0,238000,3.59,3,45,HAA-00183,NP0121,Thamel Tourism Pvt. Ltd.,Tourism & Hotels,Sudurpashchim,0
0.3131,0.6,1.99,32311.0,0,1,0,0,1,0,0,0,1,1,1,2,280,0,0.2708,2,2,0.9393,0.39374319999999996,0,0.3268,6,1048500.0,60.33,0.5,3,1454000,5.67,3,45,HAA-00184,NP0027,Nepal Cement Udyog,Manufacturing,Bagmati,0
0.5954,0.6,1.045,7422.0,0,1,0,0,0,1,0,0,0,1,2,3,165,0,0.4259,2,1,1.7862,0.1422506,0,0.4143,13,810153.85,39.08,0.31,4,334000,4.23,3,45,HAA-00185,NP0190,Thamel Tourism Pvt. Ltd.,Tourism & Hotels,Bagmati,0
0.4966,0.2,0.398,4850.0,0,0,0,0,1,0,0,0,0,0,2,3,139,0,0.2708,3,1,0.4966,0.07880279999999999,0,0.2235,2,264500.0,14.0,0.0,0,291000,7.08,1,60,HAA-00186,NP0121,Biratnagar Textile Mills,Manufacturing,Bagmati,0
0.4076,0.4,1.477,15733.0,0,0,0,0,1,1,0,1,0,0,4,4,67,0,0.4259,3,1,0.8152,0.2010248,2,0.4067,5,461400.0,34.6,0.2,1,472000,8.98,2,30,HAA-00187,NP0116,Thamel Tourism Pvt. Ltd.,Tourism & Hotels,Koshi,0
0.2529,0.6,0.751,8000.0,0,1,0,0,0,1,0,1,0,1,4,4,28,0,0.4259,1,1,0.7587,0.102216,3,0.4458,5,416400.0,40.8,0.4,2,240000,1.92,3,30,HAA-00188,NP0003,Pokhara Resort & Spa,Tourism & Hotels,Karnali,1
0.2889,0.0,1.698,29100.0,0,0,1,0,0,0,0,0,0,1,3,3,136,1,0.12,2,2,0.0,0.10475999999999999,0,0.0818,6,435166.67,66.0,0.5,3,873000,4.27,0,30,HAA-00189,NP0103,Kumari Bank Ltd.,Banking & Finance,Gandaki,0
0.3,0.4,1.683,26711.0,0,0,0,0,0,1,0,0,0,1,1,1,288,0,0.3615,2,2,0.6,0.434523,0,0.2723,3,709000.0,43.67,0.33,1,1202000,4.02,2,45,HAA-00190,NP0198,Everest Imports Pvt. Ltd.,Trading & Import,Bagmati,0
0.5584,0.4,1.38,33600.0,0,0,0,0,0,0,0,0,1,0,2,2,248,1,0.2708,1,2,1.1168,0.2729664,0,0.3058,5,1188600.0,81.8,0.8,4,1008000,2.91,2,30,HAA-00191,NP0200,Butwal Steel Industries,Manufacturing,Gandaki,1
0.2896,0.4,0.411,5000.0,0,0,0,0,0,0,0,0,1,0,1,2,244,0,0.2708,1,1,0.5792,0.08123999999999999,0,0.2521,3,190333.33,7.67,0.0,0,300000,1.98,2,60,HAA-00192,NP0155,Hetauda Chemicals Pvt. Ltd.,Manufacturing,Bagmati,0
0.2888,0.6,1.153,36089.0,0,1,0,0,0,1,1,0,1,1,1,2,274,0,0.4579,0,2,0.8664000000000001,0.7436296,0,0.3593,5,691200.0,12.4,0.0,0,1624000,0.82,3,45,HAA-00193,NP0137,Nepal Infrastructure Pvt. Ltd.,Construction,Bagmati,0
0.3329,0.4,0.344,4183.0,0,0,0,0,1,0,0,0,0,1,2,3,171,1,0.2708,3,1,0.6658,0.0679708,0,0.2607,6,907166.67,43.17,0.33,2,251000,8.01,2,60,HAA-00194,NP0062,Biratnagar Textile Mills,Manufacturing,Lumbini,1
0.2513,0.0,0.191,1633.0,0,0,1,0,0,0,0,0,0,1,2,2,221,0,0.12,2,0,0.0,0.01176,0,0.0743,3,266000.0,13.0,0.0,0,98000,3.92,0,60,HAA-00195,NP0165,NMB Finance,Banking & Finance,Bagmati,0
0.4324,0.2,1.391,11733.0,0,0,0,0,0,1,0,0,1,0,2,2,255,1,0.2553,2,1,0.4324,0.0898656,0,0.2075,7,725428.57,34.86,0.29,2,352000,4.6,1,30,HAA-00196,NP0051,Koshi Farms Ltd.,Agriculture,Bagmati,0
0.2595,0.4,0.472,27533.0,0,0,0,0,1,0,0,0,0,1,1,1,315,0,0.1917,3,2,0.519,0.1583442,0,0.2302,5,587400.0,70.0,0.6,3,826000,8.27,2,30,HAA-00197,NP0172,Tamor Power Pvt. Ltd.,Hydropower,Lumbini,1
0.2641,0.2,0.742,11778.0,0,0,0,0,1,1,0,0,0,1,1,1,313,0,0.3615,3,2,0.2641,0.19159500000000002,0,0.1951,9,834333.33,49.67,0.33,3,530000,7.04,1,45,HAA-00198,NP0152,Everest Imports Pvt. Ltd.,Trading & Import,Bagmati,1
0.6543,0.2,1.925,20500.0,0,0,0,0,0,1,0,0,0,1,1,1,297,1,0.4259,1,2,0.6543,0.2619285,0,0.286,3,834666.67,12.67,0.0,0,615000,1.39,1,30,HAA-00199,NP0059,Thamel Tourism Pvt. Ltd.,Tourism & Hotels,Bagmati,0
0.3809,0.6,0.67,39033.0,0,1,0,0,1,0,0,0,1,1,1,2,272,0,0.1917,2,2,1.1427,0.2244807,0,0.3245,6,1135500.0,21.0,0.17,1,1171000,5.2,3,30,HAA-00200,NP0118,Marsyangdi Energy Pvt. Ltd.,Hydropower,Bagmati,0
0.2536,0.2,0.717,11644.0,0,0,0,0,0,0,0,0,0,0,2,3,162,0,0.2708,2,2,0.2536,0.1418992,0,0.1749,8,879250.0,26.0,0.25,2,524000,4.12,1,45,HAA-00201,NP0160,Biratnagar Textile Mills,Manufacturing,Madhesh,0
0.5689,0.0,1.651,21600.0,0,0,1,0,1,0,0,0,0,0,3,3,148,0,0.1977,3,2,0.0,0.1281096,0,0.1533,7,599571.43,17.43,0.14,1,648000,7.23,0,30,HAA-00202,NP0096,CloudNepal Pvt. Ltd.,Services & IT,Koshi,0
0.3486,0.8,0.321,5089.0,0,1,0,0,1,1,0,0,1,1,1,2,268,1,0.3615,3,1,1.3944,0.0827835,0,0.422,5,931400.0,26.6,0.2,1,229000,6.59,4,45,HAA-00203,NP0180,Nepal Trade House,Trading & Import,Bagmati,0
0.2533,0.6,1.339,21244.0,0,1,0,0,1,1,0,0,0,0,2,3,164,1,0.3615,3,2,0.7599,0.34559399999999996,0,0.333,10,918900.0,42.9,0.3,3,956000,6.29,3,45,HAA-00204,NP0113,Nepal Trade House,Trading & Import,Gandaki,0
0.3462,0.2,1.683,98100.0,0,0,0,0,0,0,1,0,0,1,2,2,210,0,0.1917,2,3,0.3462,0.5641731000000001,0,0.1776,6,907166.67,43.17,0.33,2,2943000,3.23,1,30,HAA-00205,NP0062,Seti River Power Co.,Hydropower,Bagmati,0
0.5065,0.2,1.47,69000.0,0,0,0,0,1,1,1,0,1,1,1,2,268,1,0.4579,3,3,0.5065,0.9478529999999998,0,0.2629,6,1083833.33,11.33,0.0,0,2070000,7.29,1,30,HAA-00206,NP0186,Pokhara Construction Co.,Construction,Lumbini,0
0.3384,0.0,1.372,33400.0,0,0,1,0,0,0,0,0,0,0,1,1,332,1,0.2708,0,2,0.0,0.27134159999999996,0,0.1218,6,731500.0,9.5,0.0,0,1002000,0.71,0,30,HAA-00207,NP0052,Nepal Cement Udyog,Manufacturing,Koshi,0
0.4973,0.4,0.64,10156.0,0,0,0,0,0,1,0,0,0,0,3,3,149,1,0.3615,1,1,0.9946,0.1652055,0,0.3118,7,390571.43,39.43,0.29,2,457000,1.65,2,45,HAA-00208,NP0012,Nepal Trade House,Trading & Import,Madhesh,1
0.3574,0.2,0.568,7433.0,0,0,0,0,0,0,0,1,0,1,3,4,84,0,0.1977,2,1,0.3574,0.0440871,1,0.281,7,822142.86,49.71,0.43,3,223000,3.19,1,30,HAA-00209,NP0039,Digital Yatra Pvt. Ltd.,Services & IT,Gandaki,0
0.5935,0.2,1.42,12167.0,0,0,0,0,0,0,0,0,0,1,2,2,222,0,0.12,0,2,0.5935,0.0876,0,0.2127,7,1051285.71,35.0,0.29,2,730000,0.92,1,60,HAA-00210,NP0130,NMB Finance,Banking & Finance,Karnali,0
0.3318,0.4,1.527,36333.0,0,0,0,0,0,1,0,0,1,1,1,2,286,0,0.3615,1,2,0.6636,0.394035,0,0.2787,6,592666.67,26.5,0.17,1,1090000,2.31,2,30,HAA-00211,NP0131,Everest Imports Pvt. Ltd.,Trading & Import,Karnali,1
0.3582,0.4,0.915,42933.0,0,0,0,0,1,1,0,0,0,1,4,1,11,0,0.4579,3,2,0.7164,0.5897751999999999,0,0.3032,10,918900.0,42.9,0.3,3,1288000,7.51,2,30,HAA-00212,NP0113,Bhaktapur Builders,Construction,Madhesh,0
0.2983,0.0,0.525,9000.0,0,0,1,0,1,0,0,0,1,0,2,2,234,1,0.12,3,1,0.0,0.0324,0,0.0837,7,654000.0,12.29,0.0,0,270000,8.55,0,30,HAA-00213,NP0101,Goodwill Finance Co.,Banking & Finance,Lumbini,0
0.325,0.2,0.321,18733.0,0,0,0,0,0,0,0,0,1,0,2,2,253,0,0.1917,1,2,0.325,0.10773540000000001,0,0.1733,10,918900.0,42.9,0.3,3,562000,2.92,1,30,HAA-00214,NP0113,Marsyangdi Energy Pvt. Ltd.,Hydropower,Gandaki,0
0.3482,0.6,0.284,6767.0,0,1,0,0,0,1,0,1,0,1,4,4,22,0,0.3615,1,1,1.0446,0.0733845,3,0.4519,3,500333.33,46.67,0.33,1,203000,2.56,3,30,HAA-00215,NP0184,Himalayan Traders Pvt. Ltd.,Trading & Import,Gandaki,0
0.3102,0.4,1.275,20222.0,0,0,0,0,0,1,0,1,0,1,4,4,21,0,0.3615,1,2,0.6204,0.328965,2,0.3743,5,626400.0,27.4,0.2,1,910000,2.7,2,45,HAA-00216,NP0081,Everest Imports Pvt. Ltd.,Trading & Import,Bagmati,1
0.5378,0.4,0.807,12800.0,0,0,0,0,0,1,0,0,0,0,2,3,156,1,0.3615,1,2,1.0756,0.20822399999999996,0,0.3199,6,696166.67,5.83,0.0,0,576000,2.68,2,45,HAA-00217,NP0187,Annapurna Merchandise Pvt. Ltd.,Trading & Import,Bagmati,0
0.3346,0.0,1.554,26633.0,0,0,1,0,0,0,0,0,0,0,3,3,156,1,0.12,0,2,0.0,0.09588,0,0.0909,10,918900.0,42.9,0.3,3,799000,0.56,0,30,HAA-00218,NP0113,Goodwill Finance Co.,Banking & Finance,Koshi,0
0.518,0.2,1.358,17767.0,0,0,0,0,1,0,0,0,1,0,2,2,255,1,0.1977,3,2,0.518,0.1053741,0,0.2131,5,662400.0,25.8,0.2,1,533000,8.36,1,30,HAA-00219,NP0002,CloudNepal Pvt. Ltd.,Services & IT,Lumbini,0
0.2621,0.6,0.447,7089.0,0,1,0,0,0,1,0,0,0,1,1,1,291,0,0.3615,1,1,0.7863,0.1153185,0,0.3347,7,1051285.71,35.0,0.29,2,319000,2.12,3,45,HAA-00220,NP0130,Himalayan Traders Pvt. Ltd.,Trading & Import,Sudurpashchim,0
0.5986,0.6,1.109,17600.0,0,1,0,0,0,1,0,0,0,1,3,3,110,0,0.3615,2,2,1.7958,0.286308,0,0.402,9,511888.89,40.67,0.33,3,792000,3.93,3,45,HAA-00221,NP0054,Annapurna Merchandise Pvt. Ltd.,Trading & Import,Bagmati,0
0.3881,0.4,0.831,19767.0,0,0,0,1,0,1,0,0,0,1,1,1,299,0,0.3615,0,2,0.7762,0.2143695,0,0.3899,1,593000.0,115.0,1.0,1,593000,0.33,2,30,HAA-00222,NP0087,Nepal Trade House,Trading & Import,Bagmati,1
0.3087,0.6,1.053,12533.0,0,1,0,0,1,1,0,0,0,0,2,3,141,0,0.3615,3,2,0.9260999999999999,0.271848,0,0.344,8,999500.0,58.25,0.38,3,752000,7.76,3,60,HAA-00223,NP0129,Himalayan Traders Pvt. Ltd.,Trading & Import,Koshi,0
0.3781,0.2,1.294,22167.0,0,0,0,0,1,0,0,0,0,1,4,1,0,0,0.12,3,2,0.3781,0.0798,0,0.1696,9,907777.78,17.22,0.11,1,665000,6.65,1,30,HAA-00224,NP0147,Goodwill Finance Co.,Banking & Finance,Gandaki,0
0.5779,0.2,1.4,54400.0,0,0,0,0,1,0,1,0,0,0,4,1,0,0,0.1917,3,3,0.5779,0.4692816,0,0.2239,5,799800.0,30.0,0.2,1,2448000,8.53,1,45,HAA-00225,NP0126,Upper Karnali Hydro Pvt. Ltd.,Hydropower,Bagmati,0
0.3468,0.2,1.458,85000.0,0,0,0,0,1,0,1,0,1,0,2,2,247,1,0.1917,3,3,0.3468,0.48883499999999996,0,0.1777,7,1051285.71,35.0,0.29,2,2550000,7.09,1,30,HAA-00226,NP0130,Marsyangdi Energy Pvt. Ltd.,Hydropower,Karnali,0
0.3223,0.6,0.545,12967.0,0,1,0,0,0,1,0,0,0,1,3,3,107,1,0.3615,1,1,0.9668999999999999,0.1406235,0,0.3468,8,489250.0,68.0,0.75,6,389000,2.99,3,30,HAA-00227,NP0053,Everest Imports Pvt. Ltd.,Trading & Import,Koshi,1
0.3066,0.4,0.23,2800.0,0,0,0,0,0,0,0,0,0,1,3,3,131,0,0.2708,1,1,0.6132,0.0454944,0,0.2555,5,587400.0,70.0,0.6,3,168000,2.42,2,60,HAA-00228,NP0172,Biratnagar Textile Mills,Manufacturing,Gandaki,0
0.411,0.4,1.296,75533.0,0,0,0,0,1,0,1,1,0,1,4,4,15,0,0.1917,3,3,0.822,0.4343922,2,0.3605,8,879250.0,26.0,0.25,2,2266000,6.36,2,30,HAA-00229,NP0160,Marsyangdi Energy Pvt. Ltd.,Hydropower,Madhesh,0
0.3438,0.4,0.295,9244.0,0,0,0,0,0,1,0,0,0,1,2,2,220,1,0.4579,2,1,0.6876,0.19048639999999997,0,0.3003,3,709000.0,43.67,0.33,1,416000,3.44,2,45,HAA-00230,NP0198,Pokhara Construction Co.,Construction,Koshi,0
0.3807,0.4,0.641,15267.0,0,0,0,0,1,1,0,0,0,0,1,1,333,0,0.3615,2,1,0.7614,0.165567,0,0.2884,8,879250.0,26.0,0.25,2,458000,5.2,2,30,HAA-00231,NP0160,Himalayan Traders Pvt. Ltd.,Trading & Import,Koshi,1
0.3145,0.0,0.152,1733.0,0,0,1,1,0,0,0,0,1,1,1,2,260,0,0.12,0,0,0.0,0.00936,0,0.1869,2,168500.0,7.0,0.0,0,78000,0.3,0,45,HAA-00232,NP0068,Kumari Bank Ltd.,Banking & Finance,Madhesh,0
0.338,0.2,1.426,17367.0,0,0,0,0,0,0,0,0,0,1,2,3,177,1,0.2708,0,2,0.338,0.28217359999999997,0,0.1918,4,1230250.0,43.5,0.25,1,1042000,0.79,1,60,HAA-00233,NP0183,Butwal Steel Industries,Manufacturing,Bagmati,0
0.3552,0.8,0.409,9733.0,0,1,0,0,0,1,0,0,0,1,2,2,219,1,0.3615,2,1,1.4208,0.10555799999999999,0,0.4233,3,500333.33,46.67,0.33,1,292000,4.93,4,30,HAA-00234,NP0184,Everest Imports Pvt. Ltd.,Trading & Import,Lumbini,0
0.471,0.6,1.349,7183.0,0,1,0,0,1,1,0,1,0,1,4,4,16,1,0.4259,2,1,1.4129999999999998,0.1835629,3,0.4894,4,1481750.0,50.0,0.5,2,431000,5.2,3,60,HAA-00235,NP0123,Lumbini Hospitality Pvt. Ltd.,Tourism & Hotels,Bagmati,1
0.6644,0.2,1.771,15444.0,0,0,0,0,1,0,0,1,0,0,3,4,71,0,0.1977,3,2,0.6644,0.13740149999999998,1,0.3424,9,949111.11,79.89,0.67,6,695000,6.83,1,45,HAA-00236,NP0145,CloudNepal Pvt. Ltd.,Services & IT,Bagmati,0
0.5169,0.6,0.273,2378.0,0,1,0,0,0,0,0,0,0,1,2,2,210,0,0.1977,1,1,1.5507,0.0211539,0,0.3529,4,548500.0,10.75,0.0,0,107000,1.4,3,45,HAA-00237,NP0038,Digital Yatra Pvt. Ltd.,Services & IT,Sudurpashchim,0
0.5568,0.4,0.307,2178.0,0,0,0,0,0,1,0,0,0,0,2,3,152,0,0.4259,2,0,1.1136,0.0417382,0,0.3365,5,908200.0,60.6,0.4,2,98000,4.74,2,45,HAA-00238,NP0024,Sagarmatha Trekking Co.,Tourism & Hotels,Gandaki,0
0.3811,0.4,0.782,4167.0,0,0,0,0,0,1,0,0,1,1,1,2,270,0,0.4259,1,1,0.7622,0.106475,0,0.3014,7,959571.43,12.57,0.0,0,250000,1.95,2,60,HAA-00239,NP0069,Lumbini Hospitality Pvt. Ltd.,Tourism & Hotels,Koshi,0
0.3299,0.4,1.564,20467.0,0,0,0,0,0,0,0,0,0,1,4,1,7,0,0.1977,1,2,0.6598,0.12138779999999999,0,0.2455,5,461400.0,34.6,0.2,1,614000,1.07,2,30,HAA-00240,NP0116,CloudNepal Pvt. Ltd.,Services & IT,Madhesh,0
0.4917,0.4,0.569,13867.0,0,0,0,0,0,0,0,0,0,1,4,1,0,0,0.2708,2,1,0.9834,0.11265279999999998,0,0.2925,4,803750.0,33.25,0.25,1,416000,3.84,2,30,HAA-00241,NP0098,Butwal Steel Industries,Manufacturing,Sudurpashchim,0
0.26,0.2,0.713,8483.0,0,0,0,0,0,1,0,0,0,1,1,1,0,1,0.3615,1,2,0.26,0.1840035,0,0.1943,3,709000.0,43.67,0.33,1,509000,1.68,1,60,HAA-00242,NP0198,Everest Imports Pvt. Ltd.,Trading & Import,Madhesh,1
0.6582,0.2,0.265,2311.0,0,0,0,0,0,0,0,0,0,1,4,1,2,1,0.1977,1,1,0.6582,0.020560799999999997,0,0.2412,2,487000.0,41.5,0.5,1,104000,2.19,1,45,HAA-00243,NP0139,Digital Yatra Pvt. Ltd.,Services & IT,Gandaki,0
0.2914,0.4,1.345,32000.0,0,0,0,0,0,1,0,0,1,1,1,2,271,0,0.3615,2,2,0.5828,0.34703999999999996,0,0.2706,9,871555.56,15.78,0.11,1,960000,3.03,2,30,HAA-00244,NP0144,Everest Imports Pvt. Ltd.,Trading & Import,Bagmati,0
0.3264,0.2,0.924,15000.0,0,0,0,0,0,0,0,0,0,1,1,1,303,1,0.2708,1,2,0.3264,0.18279,0,0.1894,2,624000.0,1.5,0.0,0,675000,2.52,1,45,HAA-00245,NP0097,Hetauda Chemicals Pvt. Ltd.,Manufacturing,Bagmati,0
0.4109,0.4,1.338,21222.0,0,0,0,0,0,1,0,0,0,1,3,3,108,1,0.3615,1,2,0.8218,0.3452325,0,0.2945,6,908833.33,9.5,0.0,0,955000,1.02,2,45,HAA-00246,NP0124,Everest Imports Pvt. Ltd.,Trading & Import,Gandaki,0
0.6151,0.4,1.564,37233.0,0,0,0,0,0,1,0,0,0,1,4,1,1,0,0.3615,1,2,1.2302,0.4037955,0,0.3353,6,696166.67,5.83,0.0,0,1117000,1.04,2,30,HAA-00247,NP0187,Annapurna Merchandise Pvt. Ltd.,Trading & Import,Gandaki,0
0.3259,0.0,0.508,29600.0,0,0,1,0,0,0,0,0,1,1,1,2,270,0,0.1917,1,2,0.0,0.1702296,0,0.1035,3,792666.67,50.33,0.33,1,888000,1.94,0,30,HAA-00248,NP0070,Upper Karnali Hydro Pvt. Ltd.,Hydropower,Lumbini,0
0.4057,0.0,1.403,16022.0,0,0,1,0,0,0,0,0,0,1,1,1,317,1,0.12,0,2,0.0,0.08652,0,0.1051,6,832500.0,31.33,0.17,1,721000,0.69,0,45,HAA-00249,NP0093,NMB Finance,Banking & Finance,Lumbini,0
0.2603,0.0,0.238,13867.0,0,0,1,0,1,0,0,1,0,1,4,4,40,0,0.1917,2,1,0.0,0.0797472,0,0.1904,5,416400.0,40.8,0.4,2,416000,5.73,0,30,HAA-00250,NP0003,Marsyangdi Energy Pvt. Ltd.,Hydropower,Karnali,0
0.3502,0.4,1.557,24711.0,0,0,0,0,0,1,0,0,0,1,1,1,291,0,0.3615,1,2,0.7004,0.401988,0,0.2823,5,801600.0,38.4,0.2,1,1112000,2.76,2,45,HAA-00251,NP0148,Everest Imports Pvt. Ltd.,Trading & Import,Koshi,0
0.2598,0.6,1.168,13900.0,0,1,0,0,0,1,0,0,0,0,2,3,153,0,0.3615,1,2,0.7793999999999999,0.30149099999999995,0,0.3343,6,696166.67,5.83,0.0,0,834000,2.7,3,60,HAA-00252,NP0187,Everest Imports Pvt. Ltd.,Trading & Import,Lumbini,0
0.4873,0.6,1.746,18600.0,0,1,0,0,0,1,0,1,0,1,3,4,87,1,0.4259,2,2,1.4619,0.23765220000000004,3,0.4926,7,589714.29,68.86,0.71,5,558000,3.15,3,30,HAA-00253,NP0164,Pokhara Resort & Spa,Tourism & Hotels,Bagmati,1
0.3025,0.2,0.142,1200.0,0,0,0,0,1,1,0,0,1,0,2,2,248,1,0.2553,3,0,0.3025,0.0091908,0,0.1816,9,907777.78,17.22,0.11,1,36000,6.05,1,30,HAA-00254,NP0147,Koshi Farms Ltd.,Agriculture,Bagmati,0
0.3283,0.2,0.473,5033.0,0,0,0,0,1,1,0,0,0,1,1,1,304,1,0.4259,3,1,0.3283,0.0643109,0,0.2208,9,613555.56,41.0,0.33,3,151000,7.87,1,30,HAA-00255,NP0090,Lumbini Hospitality Pvt. Ltd.,Tourism & Hotels,Bagmati,0
0.2986,0.2,0.89,21667.0,0,0,0,0,1,0,0,1,0,0,4,4,53,0,0.2708,3,2,0.2986,0.17602,1,0.2839,4,914000.0,8.0,0.0,0,650000,6.89,1,30,HAA-00256,NP0195,Nepal Cement Udyog,Manufacturing,Koshi,0
0.4911,0.2,0.772,6733.0,0,0,0,0,1,0,0,1,0,1,3,4,89,0,0.1977,3,1,0.4911,0.059903099999999994,1,0.3078,9,907777.78,17.22,0.11,1,303000,6.62,1,45,HAA-00257,NP0147,Kathmandu Tech Hub,Services & IT,Bagmati,0
0.3162,0.2,0.59,14367.0,0,0,0,0,0,0,0,0,0,0,1,1,0,1,0.2708,2,1,0.3162,0.1167148,0,0.1874,5,801600.0,38.4,0.2,1,431000,4.49,1,30,HAA-00258,NP0148,Biratnagar Textile Mills,Manufacturing,Koshi,0
0.3644,0.4,0.745,11822.0,0,0,0,0,1,1,0,0,0,1,2,3,194,0,0.3615,3,2,0.7288,0.19231800000000002,0,0.2852,7,599571.43,17.43,0.14,1,532000,6.32,2,45,HAA-00259,NP0096,Nepal Trade House,Trading & Import,Lumbini,1
0.2979,0.0,0.346,20167.0,0,0,1,0,1,0,0,0,0,1,1,1,312,0,0.1917,2,2,0.0,0.1159785,0,0.0979,3,851666.67,10.0,0.0,0,605000,5.09,0,30,HAA-00260,NP0199,Tamor Power Pvt. Ltd.,Hydropower,Bagmati,0
0.4314,0.4,0.788,45933.0,0,0,0,0,0,0,0,1,0,0,4,4,66,1,0.1917,1,2,0.8628,0.26416259999999997,2,0.3646,6,731500.0,9.5,0.0,0,1378000,2.14,2,30,HAA-00261,NP0052,Marsyangdi Energy Pvt. Ltd.,Hydropower,Bagmati,0
0.2685,0.2,1.393,81233.0,0,0,0,0,0,0,1,0,0,0,3,3,144,0,0.1917,1,3,0.2685,0.4671729,0,0.162,11,1313545.45,69.09,0.64,7,2437000,2.08,1,30,HAA-00262,NP0161,Tamor Power Pvt. Ltd.,Hydropower,Gandaki,1
0.5841,0.2,1.033,11000.0,0,0,0,0,0,1,0,0,1,1,2,2,257,0,0.4259,1,1,0.5841,0.140547,0,0.272,4,689500.0,38.5,0.25,1,330000,2.84,1,30,HAA-00263,NP0168,Lumbini Hospitality Pvt. Ltd.,Tourism & Hotels,Gandaki,0
0.2843,0.2,0.173,2967.0,0,0,0,0,1,0,0,1,0,0,4,4,49,0,0.12,3,0,0.2843,0.010679999999999999,1,0.2509,8,625000.0,22.75,0.12,1,89000,8.22,1,30,HAA-00264,NP0128,Goodwill Finance Co.,Banking & Finance,Koshi,0
0.2737,0.2,0.801,46700.0,0,0,0,0,1,0,0,0,1,1,1,2,260,0,0.1917,2,2,0.2737,0.2685717,0,0.1631,7,822142.86,49.71,0.43,3,1401000,5.04,1,30,HAA-00265,NP0039,Tamor Power Pvt. Ltd.,Hydropower,Koshi,0
0.2823,0.2,0.219,1167.0,0,0,0,0,1,1,0,0,0,1,2,2,209,0,0.4259,3,0,0.2823,0.029813000000000003,0,0.2116,5,574400.0,23.8,0.2,1,70000,6.67,1,60,HAA-00266,NP0082,Lumbini Hospitality Pvt. Ltd.,Tourism & Hotels,Lumbini,0
0.3595,0.4,1.951,31667.0,0,0,0,0,0,0,0,0,1,1,1,2,286,0,0.2708,2,2,0.719,0.38589,0,0.2661,7,891000.0,27.71,0.14,1,1425000,3.28,2,45,HAA-00267,NP0104,Nepal Cement Udyog,Manufacturing,Madhesh,0
0.3852,0.2,0.344,20067.0,0,0,0,0,0,0,0,0,0,1,2,3,189,0,0.1917,2,2,0.3852,0.1154034,0,0.1854,8,999500.0,58.25,0.38,3,602000,3.82,1,30,HAA-00268,NP0129,Seti River Power Co.,Hydropower,Lumbini,0
0.2506,0.2,1.247,21367.0,0,0,0,0,0,0,0,0,0,1,2,3,182,0,0.12,1,2,0.2506,0.07692,0,0.1441,2,507000.0,73.0,0.5,1,641000,1.35,1,30,HAA-00269,NP0011,Kumari Bank Ltd.,Banking & Finance,Karnali,0
0.4823,0.2,1.962,47767.0,0,0,0,0,0,0,0,0,0,0,3,3,147,0,0.2708,1,2,0.4823,0.38805639999999997,0,0.2206,5,1392000.0,40.4,0.4,2,1433000,1.75,1,30,HAA-00270,NP0185,Biratnagar Textile Mills,Manufacturing,Bagmati,0
0.3488,0.2,1.431,83400.0,0,0,0,0,1,0,1,1,0,1,3,4,76,0,0.1917,3,3,0.3488,0.4796334,1,0.2781,4,1027500.0,31.25,0.25,1,2502000,7.49,1,30,HAA-00271,NP0178,Upper Karnali Hydro Pvt. Ltd.,Hydropower,Koshi,0
0.3148,0.6,1.172,55000.0,0,1,0,0,1,1,1,0,0,1,4,1,4,0,0.4579,2,2,0.9444000000000001,0.755535,0,0.3645,8,851375.0,78.5,0.62,5,1650000,5.37,3,30,HAA-00272,NP0151,Nepal Infrastructure Pvt. Ltd.,Construction,Gandaki,1
0.3075,0.0,1.717,41800.0,0,0,1,0,0,0,0,0,1,1,1,2,284,0,0.2708,2,2,0.0,0.3395832,0,0.1157,3,734333.33,54.0,0.33,1,1254000,3.2,0,30,HAA-00273,NP0159,Hetauda Chemicals Pvt. Ltd.,Manufacturing,Bagmati,0
0.4974,0.6,1.979,48200.0,0,1,0,0,1,0,0,0,0,1,1,1,315,0,0.2708,3,2,1.4922,0.39157679999999995,0,0.3636,3,1199000.0,6.0,0.0,0,1446000,7.27,3,30,HAA-00274,NP0042,Biratnagar Textile Mills,Manufacturing,Bagmati,0
0.3189,0.6,1.29,13733.0,0,1,0,0,0,1,0,0,0,0,1,1,328,0,0.4259,1,1,0.9567000000000001,0.17547079999999998,0,0.359,12,652083.33,49.58,0.42,5,412000,2.41,3,30,HAA-00275,NP0099,Sagarmatha Trekking Co.,Tourism & Hotels,Lumbini,0
0.2821,0.2,1.177,12533.0,0,0,0,0,1,1,0,0,1,1,1,2,282,1,0.4259,3,1,0.2821,0.16013840000000001,0,0.2116,2,392500.0,101.5,1.0,2,376000,8.79,1,30,HAA-00276,NP0007,Lumbini Hospitality Pvt. Ltd.,Tourism & Hotels,Bagmati,1
0.6153,0.4,1.067,50067.0,0,0,0,0,0,1,1,1,0,1,3,4,94,1,0.4579,2,2,1.2306,0.6877658,2,0.4546,9,871555.56,15.78,0.11,1,1502000,3.27,2,30,HAA-00277,NP0144,Bhaktapur Builders,Construction,Bagmati,0
0.2646,0.2,0.983,15600.0,0,0,0,0,0,1,0,1,0,0,4,4,54,0,0.3615,2,2,0.2646,0.25377299999999997,1,0.2952,9,613555.56,41.0,0.33,3,702000,3.2,1,45,HAA-00278,NP0090,Everest Imports Pvt. Ltd.,Trading & Import,Karnali,1
0.6355,0.4,1.133,66067.0,0,0,0,0,0,0,1,1,0,0,4,4,47,0,0.1917,1,2,1.271,0.3799494,2,0.4054,4,1043750.0,42.25,0.5,2,1982000,2.98,2,30,HAA-00279,NP0112,Tamor Power Pvt. Ltd.,Hydropower,Madhesh,0
0.4186,0.2,0.853,20300.0,0,0,0,0,0,1,0,0,1,0,2,2,246,0,0.3615,1,2,0.4186,0.22015349999999997,0,0.226,5,501400.0,7.4,0.0,0,609000,1.32,1,30,HAA-00280,NP0060,Himalayan Traders Pvt. Ltd.,Trading & Import,Koshi,0
0.6496,1.0,0.461,14422.0,0,1,0,0,0,1,0,0,0,1,2,2,208,0,0.4579,1,2,3.2479999999999998,0.29717709999999997,0,0.5715,10,918900.0,42.9,0.3,3,649000,1.22,5,45,HAA-00281,NP0113,Nepal Infrastructure Pvt. Ltd.,Construction,Koshi,1
0.5909,0.2,0.333,9700.0,0,0,0,0,1,0,0,0,0,1,3,3,128,1,0.1917,2,2,0.5909,0.1115694,0,0.2265,5,662400.0,25.8,0.2,1,582000,5.92,1,60,HAA-00282,NP0002,Seti River Power Co.,Hydropower,Karnali,0
0.2646,0.2,0.265,1733.0,0,0,0,0,1,0,0,0,1,1,1,2,281,0,0.1977,3,1,0.2646,0.020560799999999997,0,0.1625,8,999500.0,58.25,0.38,3,104000,7.91,1,60,HAA-00283,NP0129,Digital Yatra Pvt. Ltd.,Services & IT,Lumbini,1
0.4188,0.4,0.657,10667.0,0,0,0,0,1,0,0,1,0,1,3,4,96,0,0.2708,3,1,0.8376,0.129984,2,0.3779,7,964571.43,37.57,0.29,2,480000,7.17,2,45,HAA-00284,NP0048,Biratnagar Textile Mills,Manufacturing,Bagmati,0
0.3902,0.0,0.218,3733.0,0,0,1,0,0,0,0,0,0,0,1,1,0,1,0.12,1,1,0.0,0.01344,0,0.102,5,546800.0,37.0,0.2,1,112000,1.48,0,30,HAA-00285,NP0140,Goodwill Finance Co.,Banking & Finance,Madhesh,0
0.4903,0.2,1.004,5644.0,0,0,0,0,1,1,0,0,0,1,2,3,188,0,0.2553,2,1,0.4903,0.0648462,0,0.2191,5,723200.0,11.2,0.0,0,254000,5.02,1,45,HAA-00286,NP0197,Bagmati Agri Export,Agriculture,Koshi,0
0.3341,0.0,0.588,6711.0,0,0,1,0,0,0,0,1,0,0,4,4,45,1,0.12,1,1,0.0,0.036239999999999994,0,0.1908,4,415250.0,27.5,0.25,1,302000,1.17,0,45,HAA-00287,NP0037,Goodwill Finance Co.,Banking & Finance,Gandaki,0
0.3349,0.0,1.498,19600.0,0,0,1,0,0,0,0,0,0,0,3,3,152,0,0.1977,0,2,0.0,0.11624759999999999,0,0.1065,8,879250.0,26.0,0.25,2,588000,0.65,0,30,HAA-00288,NP0160,Digital Yatra Pvt. Ltd.,Services & IT,Gandaki,1
0.411,0.6,0.304,2156.0,0,1,0,0,1,1,0,0,1,1,1,2,273,0,0.4259,2,0,1.2329999999999999,0.0413123,0,0.3774,5,535200.0,49.2,0.4,2,97000,5.99,3,45,HAA-00289,NP0009,Sagarmatha Trekking Co.,Tourism & Hotels,Gandaki,1
0.4287,0.0,0.589,7167.0,0,0,1,0,0,0,0,1,0,1,3,4,92,0,0.2708,2,1,0.0,0.11644399999999999,0,0.2399,12,652083.33,49.58,0.42,5,430000,4.93,0,60,HAA-00290,NP0099,Butwal Steel Industries,Manufacturing,Sudurpashchim,1
0.2694,0.2,1.281,74700.0,0,0,0,0,0,0,1,0,0,1,2,2,225,0,0.1917,0,3,0.2694,0.42959970000000003,0,0.1622,9,907777.78,17.22,0.11,1,2241000,0.97,1,30,HAA-00291,NP0147,Tamor Power Pvt. Ltd.,Hydropower,Bagmati,0
0.4067,0.4,1.087,25867.0,0,0,0,0,0,1,0,0,0,0,1,1,322,0,0.3615,0,2,0.8134,0.280524,0,0.2936,7,964571.43,37.57,0.29,2,776000,0.56,2,30,HAA-00292,NP0048,Himalayan Traders Pvt. Ltd.,Trading & Import,Karnali,1
0.3655,0.2,0.285,3033.0,0,0,0,0,1,1,0,1,0,1,3,4,103,0,0.4259,3,0,0.3655,0.0387569,1,0.3283,6,592666.67,26.5,0.17,1,91000,8.91,1,30,HAA-00293,NP0131,Sagarmatha Trekking Co.,Tourism & Hotels,Sudurpashchim,0
0.4528,0.4,1.786,43500.0,0,0,0,0,0,0,0,1,0,1,4,4,21,0,0.2708,0,2,0.9056,0.353394,2,0.3847,5,801600.0,38.4,0.2,1,1305000,0.51,2,30,HAA-00294,NP0148,Butwal Steel Industries,Manufacturing,Lumbini,0
0.2884,0.4,1.51,88033.0,0,0,0,0,0,0,1,0,0,1,2,2,209,0,0.1917,2,3,0.5768,0.5062797,0,0.236,9,834333.33,49.67,0.33,3,2641000,4.14,2,30,HAA-00295,NP0152,Marsyangdi Energy Pvt. Ltd.,Hydropower,Lumbini,0
0.4011,0.0,0.78,12667.0,0,0,1,0,0,0,0,0,0,1,2,3,177,1,0.2708,2,2,0.0,0.15435599999999997,0,0.1344,9,511888.89,40.67,0.33,3,570000,4.67,0,45,HAA-00296,NP0054,Butwal Steel Industries,Manufacturing,Gandaki,0
0.3592,0.4,0.708,6178.0,0,0,0,0,0,0,0,0,0,1,4,1,0,0,0.1977,1,1,0.7184,0.0549606,0,0.2514,3,1296333.33,34.33,0.33,1,278000,1.28,2,45,HAA-00297,NP0120,Kathmandu Tech Hub,Services & IT,Bagmati,0
0.4688,0.2,1.992,48500.0,0,0,0,0,0,0,0,1,0,1,4,4,38,1,0.2708,1,2,0.4688,0.394014,1,0.3179,11,1313545.45,69.09,0.64,7,1455000,1.73,1,30,HAA-00298,NP0161,Biratnagar Textile Mills,Manufacturing,Bagmati,1
0.2519,0.6,1.063,24950.0,0,1,0,0,0,1,0,1,0,1,4,4,44,1,0.4579,2,2,0.7557,0.6854763,3,0.452,9,834333.33,49.67,0.33,3,1497000,3.33,3,60,HAA-00299,NP0152,Pokhara Construction Co.,Construction,Koshi,1
0.4488,0.0,0.973,16667.0,0,0,1,0,1,0,0,0,1,0,2,2,244,0,0.12,3,1,0.0,0.06,0,0.1138,5,461400.0,34.6,0.2,1,500000,6.91,0,30,HAA-00300,NP0116,Goodwill Finance Co.,Banking & Finance,Gandaki,0
0.2918,0.2,1.415,11933.0,0,0,0,0,0,1,0,0,0,1,4,1,2,1,0.2553,2,1,0.2918,0.0913974,0,0.1794,6,564333.33,27.67,0.17,1,358000,4.69,1,30,HAA-00301,NP0075,Bagmati Agri Export,Agriculture,Bagmati,0
0.3894,0.4,0.697,11311.0,0,0,0,0,1,0,0,0,1,1,1,2,263,0,0.2708,2,2,0.7788,0.1378372,0,0.272,10,918900.0,42.9,0.3,3,509000,5.83,2,45,HAA-00302,NP0113,Butwal Steel Industries,Manufacturing,Bagmati,0
0.4964,0.2,0.813,9289.0,0,0,0,0,1,0,0,1,0,1,3,4,91,0,0.12,3,1,0.4964,0.050159999999999996,1,0.2933,5,1188600.0,81.8,0.8,4,418000,8.87,1,45,HAA-00303,NP0200,Kumari Bank Ltd.,Banking & Finance,Sudurpashchim,1
0.286,0.4,0.549,3089.0,0,0,0,0,1,1,0,0,0,1,1,1,309,0,0.2553,3,1,0.572,0.03548670000000001,0,0.2483,7,589714.29,68.86,0.71,5,139000,6.97,2,45,HAA-00304,NP0164,Terai Agro Industries,Agriculture,Gandaki,0
0.4284,0.6,1.439,9417.0,0,1,0,0,0,0,0,1,0,0,3,4,70,0,0.1977,2,2,1.2852000000000001,0.11170049999999998,3,0.4352,5,716400.0,44.6,0.4,2,565000,4.05,3,60,HAA-00305,NP0166,Kathmandu Tech Hub,Services & IT,Sudurpashchim,1
0.273,0.6,1.046,16600.0,0,1,0,0,0,1,0,0,0,1,2,2,218,0,0.3615,2,2,0.8190000000000001,0.2700405,0,0.3369,7,891000.0,27.71,0.14,1,747000,4.16,3,45,HAA-00306,NP0104,Himalayan Traders Pvt. Ltd.,Trading & Import,Bagmati,0
0.264,0.4,1.355,7217.0,0,0,0,0,1,1,0,0,0,0,2,3,140,0,0.4259,2,1,0.528,0.1844147,0,0.278,6,739333.33,8.33,0.0,0,433000,5.66,2,60,HAA-00307,NP0084,Lumbini Hospitality Pvt. Ltd.,Tourism & Hotels,Lumbini,0
0.274,0.2,0.538,31367.0,0,0,0,0,1,0,0,0,0,1,2,2,208,0,0.1917,3,2,0.274,0.1803897,0,0.1631,4,1043750.0,42.25,0.5,2,941000,6.07,1,30,HAA-00308,NP0112,Tamor Power Pvt. Ltd.,Hydropower,Bagmati,1
0.6297,0.4,0.493,7822.0,0,0,0,0,0,1,0,0,1,0,1,2,256,0,0.3615,2,1,1.2594,0.127248,0,0.3382,12,652083.33,49.58,0.42,5,352000,4.63,2,45,HAA-00309,NP0099,Everest Imports Pvt. Ltd.,Trading & Import,Gandaki,0
0.2883,0.0,1.07,13033.0,0,0,1,0,1,0,0,1,0,1,3,4,77,0,0.2708,2,2,0.0,0.2117656,0,0.2118,5,536800.0,23.6,0.2,1,782000,5.89,0,60,HAA-00310,NP0153,Nepal Cement Udyog,Manufacturing,Lumbini,0
0.3955,0.4,1.228,38422.0,0,0,0,1,0,1,1,0,0,1,4,1,0,0,0.4579,0,2,0.791,0.7917090999999999,0,0.4107,6,832500.0,31.33,0.17,1,1729000,0.46,2,45,HAA-00311,NP0093,Pokhara Construction Co.,Construction,Bagmati,0
0.2714,0.0,0.963,16500.0,0,0,1,0,0,0,0,0,0,1,1,1,0,0,0.12,2,1,0.0,0.059399999999999994,0,0.0783,5,720600.0,49.4,0.4,2,495000,4.01,0,30,HAA-00312,NP0146,Prabhu Capital Ltd.,Banking & Finance,Lumbini,1
0.3235,0.0,0.199,3156.0,0,0,1,0,0,1,0,0,1,0,1,2,249,0,0.3615,1,1,0.0,0.051333,0,0.137,8,625000.0,22.75,0.12,1,142000,2.69,0,45,HAA-00313,NP0128,Annapurna Merchandise Pvt. Ltd.,Trading & Import,Lumbini,0
0.279,0.0,1.569,13689.0,0,0,1,0,0,0,0,1,0,0,4,4,58,1,0.1977,1,2,0.0,0.1217832,0,0.1953,2,385500.0,13.0,0.0,0,616000,1.38,0,45,HAA-00314,NP0110,CloudNepal Pvt. Ltd.,Services & IT,Koshi,0
0.3641,0.2,0.292,7100.0,0,0,0,0,0,0,0,1,0,1,3,4,92,0,0.2708,1,1,0.3641,0.05768039999999999,1,0.297,5,574400.0,23.8,0.2,1,213000,1.12,1,30,HAA-00315,NP0082,Biratnagar Textile Mills,Manufacturing,Koshi,0
0.3524,0.4,1.55,36383.0,0,0,0,0,1,1,1,0,0,1,2,3,179,0,0.4579,2,3,0.7048,0.9995956999999999,0,0.3021,5,1583200.0,5.4,0.0,0,2183000,5.53,2,60,HAA-00316,NP0194,Pokhara Construction Co.,Construction,Bagmati,0
0.539,0.2,0.194,2533.0,0,0,0,0,0,0,0,0,0,0,1,1,328,0,0.1977,2,0,0.539,0.015025199999999999,0,0.2173,9,511888.89,40.67,0.33,3,76000,4.83,1,30,HAA-00317,NP0054,Digital Yatra Pvt. Ltd.,Services & IT,Lumbini,1
0.289,0.4,1.45,35300.0,0,0,0,0,0,0,0,1,0,1,3,4,83,0,0.2708,1,2,0.578,0.28677719999999995,2,0.352,5,545600.0,24.8,0.2,1,1059000,2.47,2,30,HAA-00318,NP0163,Nepal Cement Udyog,Manufacturing,Karnali,1
0.3923,0.2,0.274,7983.0,0,0,0,0,0,0,0,0,0,0,4,1,0,0,0.1917,2,1,0.3923,0.0918243,0,0.1868,6,489833.33,55.5,0.5,3,479000,4.37,1,60,HAA-00319,NP0189,Seti River Power Co.,Hydropower,Madhesh,0
0.3636,0.2,1.564,26800.0,0,0,0,0,0,0,0,1,0,1,3,4,104,0,0.12,2,2,0.3636,0.09648,1,0.2667,1,804000.0,10.0,0.0,0,804000,4.56,1,30,HAA-00320,NP0169,NMB Finance,Banking & Finance,Karnali,0
0.2888,0.0,0.868,50600.0,0,0,1,0,0,0,1,0,0,1,2,3,176,0,0.1917,1,2,0.0,0.2910006,0,0.0961,11,1313545.45,69.09,0.64,7,1518000,1.96,0,30,HAA-00321,NP0161,Upper Karnali Hydro Pvt. Ltd.,Hydropower,Gandaki,0
0.3338,0.2,0.363,5756.0,0,0,0,0,1,1,0,0,0,1,3,3,128,1,0.3615,2,1,0.3338,0.0936285,0,0.2091,2,168500.0,7.0,0.0,0,259000,5.96,1,45,HAA-00322,NP0068,Everest Imports Pvt. Ltd.,Trading & Import,Koshi,0
0.4993,0.2,0.677,7733.0,0,0,0,0,1,0,0,0,1,0,1,2,247,1,0.12,3,1,0.4993,0.04176,0,0.1939,7,670000.0,20.14,0.14,1,348000,7.08,1,45,HAA-00323,NP0033,Goodwill Finance Co.,Banking & Finance,Lumbini,0
0.336,0.2,0.402,23433.0,0,0,0,0,1,0,0,1,0,0,4,4,61,0,0.1917,3,2,0.336,0.1347651,1,0.2755,5,668400.0,33.2,0.2,1,703000,7.18,1,30,HAA-00324,NP0142,Upper Karnali Hydro Pvt. Ltd.,Hydropower,Bagmati,0
0.3966,0.0,0.411,3517.0,0,0,1,0,1,0,0,1,0,1,4,4,32,0,0.12,2,1,0.0,0.02532,0,0.2033,6,926666.67,46.0,0.33,2,211000,5.52,0,60,HAA-00325,NP0021,Prabhu Capital Ltd.,Banking & Finance,Madhesh,0
0.374,0.2,1.62,62978.0,0,0,0,0,0,0,1,0,1,1,1,2,266,0,0.1917,2,3,0.374,0.5432778,0,0.1831,7,964571.43,37.57,0.29,2,2834000,4.73,1,45,HAA-00326,NP0048,Tamor Power Pvt. Ltd.,Hydropower,Lumbini,0
0.6365,0.0,0.879,7667.0,0,0,1,0,0,0,0,0,0,1,4,1,0,0,0.1977,0,1,0.0,0.06820649999999999,0,0.1668,5,801600.0,38.4,0.2,1,345000,0.78,0,45,HAA-00327,NP0148,CloudNepal Pvt. Ltd.,Services & IT,Bagmati,1
0.4938,0.4,1.384,21956.0,0,0,0,0,0,1,0,0,0,1,2,2,221,0,0.3615,1,2,0.9876,0.357162,0,0.3111,8,625000.0,22.75,0.12,1,988000,2.77,2,45,HAA-00328,NP0128,Everest Imports Pvt. Ltd.,Trading & Import,Bagmati,0
0.4541,0.2,1.115,6267.0,0,0,0,0,0,1,0,0,0,0,1,1,0,1,0.2553,1,1,0.4541,0.0719946,0,0.2119,5,562200.0,35.8,0.2,1,282000,1.07,1,45,HAA-00329,NP0136,Terai Agro Industries,Agriculture,Madhesh,0
0.3046,0.2,1.198,20533.0,0,0,0,0,1,0,0,0,0,1,2,3,195,0,0.12,3,2,0.3046,0.07392,0,0.1549,5,929600.0,7.6,0.0,0,616000,8.68,1,30,HAA-00330,NP0135,Kumari Bank Ltd.,Banking & Finance,Bagmati,0
0.6545,0.6,0.353,8400.0,0,1,0,0,0,1,0,0,1,1,1,2,270,0,0.3615,1,1,1.9634999999999998,0.091098,0,0.4132,4,914000.0,8.0,0.0,0,252000,1.43,3,30,HAA-00331,NP0195,Everest Imports Pvt. Ltd.,Trading & Import,Bagmati,0
0.3966,0.2,0.604,9800.0,0,0,0,0,0,0,0,0,0,1,2,3,191,1,0.2708,1,1,0.3966,0.1194228,0,0.2035,9,949111.11,79.89,0.67,6,441000,1.58,1,45,HAA-00332,NP0145,Hetauda Chemicals Pvt. Ltd.,Manufacturing,Gandaki,1
0.2624,0.6,1.336,5633.0,0,1,0,0,1,1,0,0,0,0,2,3,144,0,0.2553,3,1,0.7872000000000001,0.08629140000000002,0,0.3135,8,625000.0,22.75,0.12,1,338000,8.03,3,60,HAA-00333,NP0128,Terai Agro Industries,Agriculture,Bagmati,0
0.5619,0.4,1.919,20433.0,0,0,0,0,1,1,0,0,0,1,1,1,309,0,0.4259,3,2,1.1238,0.2610767,0,0.3376,7,670000.0,20.14,0.14,1,613000,8.51,2,30,HAA-00334,NP0033,Thamel Tourism Pvt. Ltd.,Tourism & Hotels,Sudurpashchim,0
0.3582,0.4,0.559,8867.0,0,0,0,0,1,1,0,0,0,1,3,3,108,1,0.3615,3,1,0.7164,0.1442385,0,0.2839,3,779000.0,7.0,0.0,0,399000,6.95,2,45,HAA-00335,NP0176,Himalayan Traders Pvt. Ltd.,Trading & Import,Gandaki,0
0.2885,0.6,0.657,3500.0,0,1,0,1,0,1,0,1,0,1,3,4,86,1,0.4259,0,1,0.8654999999999999,0.08943899999999999,3,0.5529,6,696166.67,5.83,0.0,0,210000,0.3,3,60,HAA-00336,NP0187,Sagarmatha Trekking Co.,Tourism & Hotels,Lumbini,0
0.2593,0.6,1.02,10867.0,0,1,0,1,0,1,0,1,0,0,4,4,65,1,0.4259,0,1,0.7778999999999999,0.1388434,3,0.547,5,474400.0,21.2,0.2,1,326000,0.26,3,30,HAA-00337,NP0115,Sagarmatha Trekking Co.,Tourism & Hotels,Sudurpashchim,0
0.297,0.6,1.592,74700.0,0,1,0,0,0,1,1,0,0,0,1,1,324,1,0.4579,2,3,0.891,1.0261539,0,0.361,2,1845500.0,58.0,0.5,1,2241000,3.56,3,30,HAA-00338,NP0119,Pokhara Construction Co.,Construction,Lumbini,0
0.3029,0.6,0.536,25133.0,0,1,0,0,0,1,0,0,0,0,3,3,137,0,0.4579,1,2,0.9087000000000001,0.34525659999999997,0,0.3622,3,696000.0,73.0,0.67,2,754000,1.5,3,30,HAA-00339,NP0022,Bhaktapur Builders,Construction,Gandaki,1
0.2804,0.0,0.901,6400.0,0,0,1,1,0,1,0,0,0,1,1,1,300,0,0.4259,0,1,0.0,0.1226592,0,0.2413,4,632500.0,60.75,0.5,2,288000,0.41,0,45,HAA-00340,NP0158,Sagarmatha Trekking Co.,Tourism & Hotels,Koshi,1
0.3823,0.0,1.545,36767.0,0,0,1,0,0,1,0,1,0,1,3,4,79,1,0.3615,2,2,0.0,0.3987345,0,0.2488,4,548500.0,10.75,0.0,0,1103000,4.31,0,30,HAA-00341,NP0038,Everest Imports Pvt. Ltd.,Trading & Import,Gandaki,0
0.2845,0.2,0.178,4333.0,0,0,0,0,1,0,0,0,0,1,1,1,314,0,0.2708,3,1,0.2845,0.035204,0,0.1811,5,537200.0,64.4,0.6,3,130000,8.5,1,30,HAA-00342,NP0109,Butwal Steel Industries,Manufacturing,Bagmati,1
0.6581,0.4,0.241,1711.0,0,0,0,0,0,1,0,0,0,1,4,1,0,0,0.4259,2,0,1.3162,0.0327943,0,0.3568,7,725428.57,34.86,0.29,2,77000,3.08,2,45,HAA-00343,NP0051,Pokhara Resort & Spa,Tourism & Hotels,Koshi,0
0.2623,0.4,1.095,17378.0,0,0,0,0,1,1,0,1,0,0,3,4,63,0,0.3615,3,2,0.5246,0.282693,2,0.3648,3,1055000.0,6.67,0.0,0,782000,6.03,2,45,HAA-00344,NP0182,Nepal Trade House,Trading & Import,Madhesh,0
0.3834,0.0,1.633,21367.0,0,0,1,0,1,0,0,0,0,0,3,3,149,1,0.1977,2,2,0.0,0.1267257,0,0.1162,6,790666.67,26.17,0.17,1,641000,5.96,0,30,HAA-00345,NP0008,Kathmandu Tech Hub,Services & IT,Koshi,0
0.3469,0.4,0.491,23067.0,0,0,0,0,0,1,0,0,0,1,2,3,173,0,0.4579,1,2,0.6938,0.31686679999999995,0,0.301,6,1048500.0,60.33,0.5,3,692000,2.45,2,30,HAA-00346,NP0027,Nepal Infrastructure Pvt. Ltd.,Construction,Karnali,1
0.4679,0.2,0.832,26044.0,0,0,0,0,1,1,0,0,1,1,1,2,272,0,0.4579,2,2,0.4679,0.5366588,0,0.2552,6,1048500.0,60.33,0.5,3,1172000,5.94,1,45,HAA-00347,NP0027,Bhaktapur Builders,Construction,Koshi,1
0.2979,0.4,0.846,7250.0,0,0,0,0,0,0,0,0,0,1,2,2,198,1,0.12,1,1,0.5958,0.052199999999999996,0,0.2236,6,926666.67,46.0,0.33,2,435000,2.11,2,60,HAA-00348,NP0021,Prabhu Capital Ltd.,Banking & Finance,Koshi,0
0.5912,0.2,1.043,12700.0,0,0,0,0,0,0,0,0,0,1,4,1,0,0,0.2708,1,2,0.5912,0.2063496,0,0.2424,6,820666.67,29.0,0.17,1,762000,1.32,1,60,HAA-00349,NP0030,Hetauda Chemicals Pvt. Ltd.,Manufacturing,Madhesh,0
0.2716,0.2,1.115,12733.0,0,0,0,0,1,0,0,0,0,1,4,1,0,1,0.12,3,2,0.2716,0.06875999999999999,0,0.1483,2,624000.0,1.5,0.0,0,573000,6.39,1,45,HAA-00350,NP0097,NMB Finance,Banking & Finance,Bagmati,0
0.2802,0.6,1.017,10833.0,0,1,0,0,0,1,0,0,0,0,1,1,334,0,0.4259,1,1,0.8406,0.1384175,0,0.3512,7,751285.71,66.57,0.57,4,325000,1.24,3,30,HAA-00351,NP0028,Lumbini Hospitality Pvt. Ltd.,Tourism & Hotels,Gandaki,0
0.4903,0.4,0.849,20200.0,0,0,0,0,1,1,0,0,0,1,3,3,118,0,0.3615,3,2,0.9806,0.21906899999999999,0,0.3104,5,587800.0,52.4,0.4,2,606000,8.97,2,30,HAA-00352,NP0111,Himalayan Traders Pvt. Ltd.,Trading & Import,Koshi,0
0.2839,0.4,1.023,10900.0,0,0,0,0,0,1,0,1,0,0,4,4,72,1,0.4259,1,1,0.5678,0.1392693,2,0.382,7,629857.14,76.86,0.86,6,327000,1.86,2,30,HAA-00353,NP0192,Lumbini Hospitality Pvt. Ltd.,Tourism & Hotels,Lumbini,1
0.2884,0.8,1.233,13133.0,0,1,0,0,1,1,0,0,0,1,3,3,109,0,0.4259,2,1,1.1536,0.1678046,0,0.4229,5,723200.0,11.2,0.0,0,394000,5.45,4,30,HAA-00354,NP0197,Pokhara Resort & Spa,Tourism & Hotels,Bagmati,0
0.3246,0.6,0.932,29156.0,0,1,0,0,0,1,0,0,0,1,1,1,290,1,0.4579,2,2,0.9738,0.6007648,0,0.3665,3,672666.67,35.33,0.33,1,1312000,3.85,3,45,HAA-00355,NP0061,Pokhara Construction Co.,Construction,Bagmati,0
0.4108,0.4,1.487,35400.0,0,0,0,0,0,1,0,0,1,0,2,2,255,1,0.3615,1,2,0.8216,0.383913,0,0.2945,7,964571.43,37.57,0.29,2,1062000,1.36,2,30,HAA-00356,NP0048,Nepal Trade House,Trading & Import,Bagmati,1
0.4585,0.2,0.224,5333.0,0,0,0,1,0,1,0,0,1,0,2,2,243,0,0.3615,0,1,0.4585,0.05784,0,0.334,9,907777.78,17.22,0.11,1,160000,0.49,1,30,HAA-00357,NP0147,Himalayan Traders Pvt. Ltd.,Trading & Import,Lumbini,0
0.4809,0.0,1.442,42033.0,0,0,1,0,1,0,1,0,0,1,4,1,1,0,0.1917,2,3,0.0,0.4834674,0,0.1345,4,1219250.0,61.75,0.5,2,2522000,5.7,0,60,HAA-00358,NP0004,Tamor Power Pvt. Ltd.,Hydropower,Madhesh,0
0.4355,0.4,1.458,85000.0,0,0,0,0,1,0,1,0,0,1,3,3,165,0,0.1917,3,3,0.871,0.48883499999999996,0,0.2654,5,1293200.0,5.8,0.0,0,2550000,7.31,2,30,HAA-00359,NP0035,Tamor Power Pvt. Ltd.,Hydropower,Sudurpashchim,0
0.266,0.4,0.56,26267.0,0,0,0,0,1,1,0,0,0,0,3,3,157,1,0.4579,3,2,0.532,0.3608252,0,0.2848,7,629857.14,76.86,0.86,6,788000,7.62,2,30,HAA-00360,NP0192,Bhaktapur Builders,Construction,Koshi,1
0.5903,0.0,0.866,50467.0,0,0,1,0,0,0,1,0,0,1,4,1,0,0,0.1917,2,2,0.0,0.29023380000000004,0,0.1564,4,1023250.0,10.5,0.0,0,1514000,4.47,0,30,HAA-00361,NP0049,Upper Karnali Hydro Pvt. Ltd.,Hydropower,Madhesh,0
0.28,0.0,0.979,15889.0,0,0,1,0,1,0,0,1,0,1,3,4,87,1,0.2708,3,2,0.0,0.193622,0,0.2102,4,839750.0,94.0,1.0,4,715000,7.05,0,45,HAA-00362,NP0017,Hetauda Chemicals Pvt. Ltd.,Manufacturing,Gandaki,1
0.4215,0.4,0.563,4000.0,0,0,0,0,1,1,0,0,0,1,4,1,0,0,0.4259,3,1,0.843,0.076662,0,0.3095,5,587400.0,70.0,0.6,3,180000,6.14,2,45,HAA-00363,NP0172,Pokhara Resort & Spa,Tourism & Hotels,Gandaki,1
0.3566,0.4,0.902,21967.0,0,0,0,0,1,0,0,0,0,1,2,3,168,0,0.2708,3,2,0.7132,0.1784572,0,0.2655,4,632500.0,60.75,0.5,2,659000,6.59,2,30,HAA-00364,NP0158,Butwal Steel Industries,Manufacturing,Gandaki,0
0.2868,0.0,0.216,2467.0,0,0,1,0,0,0,0,0,1,1,1,2,265,0,0.12,2,1,0.0,0.01332,0,0.0814,4,294250.0,58.75,0.5,2,111000,4.56,0,45,HAA-00365,NP0046,NMB Finance,Banking & Finance,Lumbini,0
0.2695,0.6,0.67,4756.0,0,1,0,0,1,1,0,0,0,0,4,1,0,0,0.4259,2,1,0.8085,0.0911426,0,0.3491,8,628000.0,21.5,0.25,2,214000,5.79,3,45,HAA-00366,NP0117,Pokhara Resort & Spa,Tourism & Hotels,Bagmati,0
0.4233,0.0,1.416,12133.0,0,0,1,0,1,0,0,0,0,0,2,3,137,0,0.12,3,2,0.0,0.08736,0,0.1087,4,1155500.0,6.75,0.0,0,728000,7.3,0,60,HAA-00367,NP0006,NMB Finance,Banking & Finance,Lumbini,0
0.3765,0.4,0.682,3633.0,0,0,0,0,0,1,0,0,1,0,1,2,238,0,0.4259,2,1,0.753,0.0928462,0,0.3005,12,652083.33,49.58,0.42,5,218000,3.73,2,60,HAA-00368,NP0099,Pokhara Resort & Spa,Tourism & Hotels,Lumbini,1
0.3942,0.2,1.419,41350.0,0,0,0,0,1,0,1,0,0,1,2,3,194,0,0.1917,3,3,0.3942,0.4756077,0,0.1872,6,908833.33,9.5,0.0,0,2481000,7.3,1,60,HAA-00369,NP0124,Marsyangdi Energy Pvt. Ltd.,Hydropower,Gandaki,0
0.6522,0.2,0.949,5333.0,0,0,0,0,1,1,0,0,0,1,1,1,301,0,0.2553,2,1,0.6522,0.06127200000000001,0,0.2515,4,415250.0,27.5,0.25,1,240000,5.43,1,45,HAA-00370,NP0037,Bagmati Agri Export,Agriculture,Karnali,1
0.4465,0.6,1.527,36333.0,0,1,0,0,0,1,0,0,0,0,3,3,164,1,0.3615,1,2,1.3395000000000001,0.394035,0,0.3716,5,908200.0,60.6,0.4,2,1090000,1.7,3,30,HAA-00371,NP0024,Nepal Trade House,Trading & Import,Lumbini,1
0.3777,0.6,1.049,24967.0,0,1,0,1,0,1,0,1,0,1,4,4,23,1,0.3615,0,2,1.1331,0.2707635,3,0.5578,6,832500.0,31.33,0.17,1,749000,0.47,3,30,HAA-00372,NP0093,Annapurna Merchandise Pvt. Ltd.,Trading & Import,Bagmati,1
0.396,0.2,0.193,3300.0,0,0,0,0,0,0,0,0,0,1,4,1,0,0,0.12,2,0,0.396,0.01188,0,0.1732,4,294250.0,58.75,0.5,2,99000,3.42,1,30,HAA-00373,NP0046,NMB Finance,Banking & Finance,Gandaki,0
0.3026,0.2,1.206,19133.0,0,0,0,0,1,1,0,0,0,0,4,1,0,0,0.3615,2,2,0.3026,0.31125149999999996,0,0.2028,3,645666.67,39.67,0.33,1,861000,5.03,1,45,HAA-00374,NP0181,Himalayan Traders Pvt. Ltd.,Trading & Import,Lumbini,1
0.4066,0.0,0.216,1850.0,0,0,1,0,1,0,0,0,1,1,1,2,259,0,0.12,3,1,0.0,0.01332,0,0.1053,6,860000.0,45.67,0.33,2,111000,7.6,0,60,HAA-00375,NP0095,Prabhu Capital Ltd.,Banking & Finance,Bagmati,0
0.3673,0.2,0.983,6978.0,0,0,0,0,0,1,0,0,0,1,2,3,180,0,0.4259,1,1,0.3673,0.1337326,0,0.2286,12,652083.33,49.58,0.42,5,314000,1.37,1,45,HAA-00376,NP0099,Thamel Tourism Pvt. Ltd.,Tourism & Hotels,Bagmati,1
0.3885,0.2,1.669,21833.0,0,0,0,0,1,0,0,0,0,0,1,1,324,1,0.1977,3,2,0.3885,0.12949349999999998,0,0.1872,6,696666.67,47.33,0.5,3,655000,7.25,1,30,HAA-00377,NP0188,Nepal Data Solutions,Services & IT,Lumbini,1
0.2984,0.4,0.383,11978.0,0,0,0,0,1,1,0,0,0,1,4,1,7,0,0.4579,3,2,0.5968,0.2468081,0,0.2913,5,461400.0,34.6,0.2,1,539000,7.8,2,45,HAA-00378,NP0116,Bhaktapur Builders,Construction,Sudurpashchim,0
0.2735,0.4,0.89,10833.0,0,0,0,0,0,0,0,0,0,1,2,3,174,0,0.2708,1,2,0.547,0.17602,0,0.2489,7,646714.29,54.14,0.43,3,650000,1.57,2,60,HAA-00379,NP0191,Hetauda Chemicals Pvt. Ltd.,Manufacturing,Gandaki,1
0.3535,0.4,1.343,11711.0,0,0,0,0,1,0,0,1,0,1,3,4,89,0,0.1977,3,2,0.707,0.1041879,2,0.3502,8,879250.0,26.0,0.25,2,527000,7.7,2,45,HAA-00380,NP0160,Kathmandu Tech Hub,Services & IT,Sudurpashchim,0
0.2879,0.4,1.518,44250.0,0,0,0,0,1,0,1,1,0,1,4,4,44,1,0.1917,3,3,0.5758,0.5089635,2,0.3359,11,1313545.45,69.09,0.64,7,2655000,8.93,2,60,HAA-00381,NP0161,Marsyangdi Energy Pvt. Ltd.,Hydropower,Madhesh,1
0.4461,0.4,1.162,4900.0,0,0,0,0,1,1,0,0,0,0,2,3,148,0,0.2553,3,1,0.8922,0.0750582,0,0.2803,3,684333.33,8.33,0.0,0,294000,6.61,2,60,HAA-00382,NP0067,Nepal Spices Pvt. Ltd.,Agriculture,Bagmati,0
0.3505,0.2,0.552,6567.0,0,0,0,0,1,1,0,0,0,1,2,3,193,0,0.3615,3,1,0.3505,0.142431,0,0.2124,8,625000.0,22.75,0.12,1,394000,7.12,1,60,HAA-00383,NP0128,Everest Imports Pvt. Ltd.,Trading & Import,Koshi,1
0.4231,0.2,1.387,9844.0,0,0,0,0,1,1,0,0,0,0,1,1,0,1,0.4259,3,1,0.4231,0.1886737,0,0.2398,2,278000.0,58.5,0.5,1,443000,8.95,1,45,HAA-00384,NP0018,Lumbini Hospitality Pvt. Ltd.,Tourism & Hotels,Gandaki,1
0.3944,0.2,0.607,23600.0,0,0,0,0,1,0,0,0,0,0,1,1,0,1,0.1917,2,2,0.3944,0.20358540000000003,0,0.1872,2,620000.0,74.0,0.5,1,1062000,5.55,1,45,HAA-00385,NP0025,Tamor Power Pvt. Ltd.,Hydropower,Bagmati,0
0.3002,0.0,1.495,36400.0,0,0,1,0,0,0,0,0,1,0,2,2,229,0,0.2708,1,2,0.0,0.2957136,0,0.1142,9,511888.89,40.67,0.33,3,1092000,2.94,0,30,HAA-00386,NP0054,Butwal Steel Industries,Manufacturing,Koshi,0
0.2699,0.2,1.644,39133.0,0,0,0,0,1,1,0,0,0,0,3,3,159,0,0.3615,3,2,0.2699,0.424401,0,0.1963,9,710222.22,52.78,0.33,3,1174000,7.58,1,30,HAA-00387,NP0058,Everest Imports Pvt. Ltd.,Trading & Import,Koshi,1
0.5544,0.2,1.268,14489.0,0,0,0,0,1,0,0,0,0,0,1,1,0,0,0.12,2,2,0.5544,0.07824,0,0.2049,3,684333.33,8.33,0.0,0,652000,5.63,1,45,HAA-00388,NP0067,Kumari Bank Ltd.,Banking & Finance,Bagmati,0
0.324,0.2,1.488,25500.0,0,0,0,0,1,0,0,0,0,0,1,1,333,0,0.12,2,2,0.324,0.09179999999999999,0,0.1588,7,891000.0,27.71,0.14,1,765000,5.34,1,30,HAA-00389,NP0104,NMB Finance,Banking & Finance,Sudurpashchim,0
0.3394,0.0,0.146,617.0,0,0,1,0,0,1,0,0,0,0,2,3,154,0,0.2553,1,0,0.0,0.0094461,0,0.1189,2,352000.0,1.5,0.0,0,37000,2.47,0,60,HAA-00390,NP0174,Terai Agro Industries,Agriculture,Koshi,0
0.5566,0.6,1.273,30300.0,0,1,0,0,1,1,0,0,0,1,1,1,298,0,0.3615,3,2,1.6698,0.3286035,0,0.3936,5,908200.0,60.6,0.4,2,909000,6.87,3,30,HAA-00391,NP0024,Himalayan Traders Pvt. Ltd.,Trading & Import,Sudurpashchim,0
0.4927,0.4,1.699,20683.0,0,0,0,0,0,0,0,0,0,1,3,3,119,0,0.2708,0,2,0.9854,0.3360628,0,0.2927,3,1493666.67,30.0,0.33,1,1241000,0.96,2,60,HAA-00392,NP0114,Nepal Cement Udyog,Manufacturing,Bagmati,1
0.44,0.4,0.241,2567.0,0,0,0,0,1,1,0,0,0,0,1,1,325,1,0.4259,3,0,0.88,0.0327943,0,0.3132,3,991666.67,43.0,0.33,1,77000,8.34,2,30,HAA-00393,NP0032,Thamel Tourism Pvt. Ltd.,Tourism & Hotels,Sudurpashchim,0
0.5215,0.0,1.501,87533.0,0,0,1,0,0,0,1,0,0,1,2,3,186,0,0.1917,2,3,0.0,0.5034042,0,0.1426,4,1173000.0,40.0,0.25,1,2626000,3.1,0,30,HAA-00394,NP0175,Seti River Power Co.,Hydropower,Gandaki,0
0.4741,0.0,0.545,15883.0,0,0,1,0,0,0,0,0,0,1,2,2,224,0,0.1917,1,2,0.0,0.1826901,0,0.1332,8,897375.0,33.5,0.25,2,953000,1.37,0,60,HAA-00395,NP0086,Marsyangdi Energy Pvt. Ltd.,Hydropower,Bagmati,0
0.461,0.6,1.368,14567.0,0,1,0,0,0,1,0,0,0,0,3,3,140,0,0.4259,2,1,1.383,0.1861183,0,0.3874,8,851375.0,78.5,0.62,5,437000,4.12,3,30,HAA-00396,NP0151,Pokhara Resort & Spa,Tourism & Hotels,Koshi,0
0.4275,0.4,1.321,62000.0,0,0,0,0,0,1,1,0,0,0,1,1,0,0,0.4579,0,2,0.855,0.851694,0,0.3171,5,1583200.0,5.4,0.0,0,1860000,0.62,2,30,HAA-00397,NP0194,Kathmandu Nirman Pvt. Ltd.,Construction,Koshi,0
0.2964,0.6,1.392,33900.0,0,1,0,0,1,0,0,1,0,1,4,4,42,0,0.2708,3,2,0.8892,0.27540359999999997,3,0.4234,3,684000.0,12.0,0.0,0,1017000,6.24,3,30,HAA-00398,NP0127,Nepal Cement Udyog,Manufacturing,Lumbini,0
0.3419,0.4,0.335,2378.0,0,0,0,0,1,1,0,0,0,1,4,1,11,0,0.4259,3,1,0.6838,0.0455713,0,0.2936,3,190333.33,7.67,0.0,0,107000,8.15,2,45,HAA-00399,NP0155,Lumbini Hospitality Pvt. Ltd.,Tourism & Hotels,Gandaki,0
0.2522,0.2,1.083,25767.0,0,0,0,0,1,1,0,1,0,1,3,4,103,0,0.3615,3,2,0.2522,0.2794395,1,0.2927,7,1051285.71,35.0,0.29,2,773000,7.58,1,30,HAA-00400,NP0130,Everest Imports Pvt. Ltd.,Trading & Import,Bagmati,0
0.3942,0.2,1.01,16022.0,0,0,0,0,0,1,0,0,0,1,1,1,304,1,0.3615,1,2,0.3942,0.26064149999999997,0,0.2211,4,839750.0,94.0,1.0,4,721000,1.36,1,45,HAA-00401,NP0017,Everest Imports Pvt. Ltd.,Trading & Import,Lumbini,1
0.2955,0.6,1.559,24733.0,0,1,0,0,0,1,0,0,1,0,1,2,244,0,0.3615,1,2,0.8865,0.40234949999999997,0,0.3414,7,891000.0,27.71,0.14,1,1113000,1.35,3,45,HAA-00402,NP0104,Himalayan Traders Pvt. Ltd.,Trading & Import,Gandaki,0
0.2717,0.2,0.755,4244.0,0,0,0,0,1,1,0,0,0,0,4,1,0,1,0.2553,3,1,0.2717,0.04876230000000001,0,0.1754,11,1313545.45,69.09,0.64,7,191000,7.37,1,45,HAA-00403,NP0161,Bagmati Agri Export,Agriculture,Lumbini,1
0.3127,0.2,0.651,10333.0,0,0,0,0,1,1,0,0,0,1,2,3,186,0,0.3615,3,1,0.3127,0.1680975,0,0.2048,5,691200.0,12.4,0.0,0,465000,8.34,1,45,HAA-00404,NP0137,Nepal Trade House,Trading & Import,Gandaki,0
0.3952,0.4,1.324,21000.0,0,0,0,0,0,1,0,0,1,1,1,2,282,1,0.3615,2,2,0.7904,0.34161749999999996,0,0.2913,3,952666.67,11.33,0.0,0,945000,4.28,2,45,HAA-00405,NP0043,Nepal Trade House,Trading & Import,Karnali,0
0.2955,0.0,0.787,45900.0,0,0,1,0,0,0,0,1,0,1,3,4,78,0,0.1917,2,2,0.0,0.2639709,0,0.1974,3,779000.0,7.0,0.0,0,1377000,4.62,0,30,HAA-00406,NP0176,Upper Karnali Hydro Pvt. Ltd.,Hydropower,Lumbini,0
0.4979,0.0,1.152,9867.0,0,0,1,0,0,0,0,0,0,1,2,3,195,0,0.12,2,2,0.0,0.07103999999999999,0,0.1236,7,822142.86,49.71,0.43,3,592000,3.03,0,60,HAA-00407,NP0039,NMB Finance,Banking & Finance,Koshi,0
0.431,0.2,1.123,9467.0,0,0,0,0,1,1,0,0,1,0,2,2,236,0,0.2553,3,1,0.431,0.0725052,0,0.2073,5,474200.0,92.4,0.8,4,284000,8.07,1,30,HAA-00408,NP0170,Terai Agro Industries,Agriculture,Sudurpashchim,1
0.3489,0.0,1.527,17444.0,0,0,1,0,1,0,0,0,0,0,1,1,0,0,0.12,2,2,0.0,0.0942,0,0.0938,2,893000.0,47.0,0.5,1,785000,5.89,0,45,HAA-00409,NP0026,Kumari Bank Ltd.,Banking & Finance,Lumbini,1
0.3403,0.8,1.023,48000.0,0,1,0,0,0,1,0,1,0,1,4,4,21,0,0.4579,1,2,1.3612,0.659376,4,0.5396,12,652083.33,49.58,0.42,5,1440000,2.77,4,30,HAA-00410,NP0099,Kathmandu Nirman Pvt. Ltd.,Construction,Bagmati,0
0.6429,0.4,1.097,13350.0,0,0,0,0,0,0,0,0,0,0,2,3,156,1,0.2708,1,2,1.2858,0.2169108,0,0.3227,4,800750.0,72.25,0.75,3,801000,2.86,2,60,HAA-00411,NP0050,Nepal Cement Udyog,Manufacturing,Bagmati,1
0.2589,0.6,0.366,8700.0,0,1,0,0,1,1,0,0,0,0,1,1,0,0,0.3615,3,1,0.7767000000000001,0.0943515,0,0.3341,5,536800.0,23.6,0.2,1,261000,8.05,3,30,HAA-00412,NP0153,Annapurna Merchandise Pvt. Ltd.,Trading & Import,Koshi,0
0.3089,0.2,0.316,2667.0,0,0,0,1,0,1,0,1,0,1,3,4,97,0,0.2553,0,0,0.3089,0.020424,1,0.3828,9,834333.33,49.67,0.33,3,80000,0.37,1,30,HAA-00413,NP0152,Terai Agro Industries,Agriculture,Bagmati,0
0.3652,0.4,0.366,11467.0,0,0,0,0,0,1,0,1,0,0,4,4,49,0,0.4579,2,2,0.7304,0.2362764,2,0.4046,4,583250.0,32.5,0.25,1,516000,3.07,2,45,HAA-00414,NP0013,Bhaktapur Builders,Construction,Lumbini,0
0.261,0.2,0.489,7933.0,0,0,0,0,1,0,0,0,0,1,1,1,308,0,0.2708,2,1,0.261,0.09667559999999999,0,0.1764,5,501400.0,7.4,0.0,0,357000,5.1,1,45,HAA-00415,NP0060,Butwal Steel Industries,Manufacturing,Bagmati,0
0.3849,0.6,1.081,50733.0,0,1,0,0,0,1,1,0,0,1,1,1,290,1,0.4579,1,2,1.1547,0.6969238,0,0.3786,5,929600.0,7.6,0.0,0,1522000,1.55,3,30,HAA-00416,NP0135,Kathmandu Nirman Pvt. Ltd.,Construction,Bagmati,0
0.2531,0.2,1.233,38578.0,0,0,0,0,0,1,1,1,0,1,3,4,88,0,0.4579,1,2,0.2531,0.7949143999999999,1,0.3122,3,1106000.0,30.0,0.33,1,1736000,1.06,1,45,HAA-00417,NP0057,Nepal Infrastructure Pvt. Ltd.,Construction,Gandaki,0
0.3597,0.4,1.147,18622.0,0,0,0,0,1,0,0,0,0,1,4,1,0,0,0.2708,3,2,0.7194,0.22693039999999998,0,0.2661,4,902250.0,10.0,0.0,0,838000,7.38,2,45,HAA-00418,NP0036,Butwal Steel Industries,Manufacturing,Karnali,0
0.5601,0.4,1.399,5900.0,0,0,0,0,1,1,0,1,0,1,3,4,77,0,0.2553,3,1,1.1202,0.0903762,2,0.4031,5,678000.0,18.4,0.2,1,354000,8.08,2,60,HAA-00419,NP0173,Terai Agro Industries,Agriculture,Lumbini,0
0.2931,0.0,1.768,15422.0,0,0,1,0,1,0,0,0,1,1,1,2,271,0,0.1977,3,2,0.0,0.1372038,0,0.0982,2,724500.0,74.0,0.5,1,694000,7.46,0,45,HAA-00420,NP0020,Digital Yatra Pvt. Ltd.,Services & IT,Sudurpashchim,0
0.3128,0.0,1.681,40933.0,0,0,1,0,1,0,0,0,0,1,1,1,292,0,0.2708,3,2,0.0,0.33254239999999996,0,0.1167,5,1327800.0,25.0,0.2,1,1228000,8.11,0,30,HAA-00421,NP0065,Butwal Steel Industries,Manufacturing,Karnali,1
0.2913,0.2,1.165,54667.0,0,0,0,0,1,1,1,1,0,1,4,4,26,0,0.4579,2,2,0.2913,0.750956,1,0.3198,6,790666.67,26.17,0.17,1,1640000,5.09,1,30,HAA-00422,NP0008,Pokhara Construction Co.,Construction,Bagmati,1
0.2578,0.4,0.982,11683.0,0,0,0,0,1,1,0,0,1,0,1,2,254,1,0.3615,3,2,0.5156,0.25341149999999996,0,0.2639,9,871555.56,15.78,0.11,1,701000,7.36,2,60,HAA-00423,NP0144,Annapurna Merchandise Pvt. Ltd.,Trading & Import,Bagmati,0
0.2906,0.6,0.802,18817.0,0,1,0,0,0,1,0,0,0,1,3,3,115,1,0.4579,2,2,0.8718000000000001,0.5169691,0,0.3597,5,668400.0,33.2,0.2,1,1129000,3.61,3,60,HAA-00424,NP0142,Pokhara Construction Co.,Construction,Koshi,0
0.33,0.6,0.28,6667.0,0,1,0,0,1,1,0,0,0,0,1,1,321,0,0.3615,3,1,0.99,0.0723,0,0.3483,5,474400.0,21.2,0.2,1,200000,6.08,3,30,HAA-00425,NP0115,Annapurna Merchandise Pvt. Ltd.,Trading & Import,Madhesh,0
0.2745,0.4,0.908,22100.0,0,0,0,0,1,0,0,0,0,1,1,1,305,0,0.2708,3,2,0.549,0.1795404,0,0.2491,3,632000.0,53.33,0.33,1,663000,8.9,2,30,HAA-00426,NP0143,Biratnagar Textile Mills,Manufacturing,Gandaki,0
0.3143,0.6,1.522,8556.0,0,1,0,0,0,1,0,1,0,0,3,4,74,0,0.2553,1,1,0.9429000000000001,0.09829050000000002,3,0.4239,7,800428.57,47.29,0.29,2,385000,2.23,3,45,HAA-00427,NP0092,Koshi Farms Ltd.,Agriculture,Karnali,0
0.3967,0.2,1.659,40400.0,0,0,0,0,0,0,0,1,0,1,3,4,83,0,0.2708,2,2,0.3967,0.3282096,1,0.3035,4,803750.0,33.25,0.25,1,1212000,3.66,1,30,HAA-00428,NP0098,Nepal Cement Udyog,Manufacturing,Bagmati,0
0.2693,0.6,0.557,5933.0,0,1,0,0,0,1,0,0,0,1,2,2,210,0,0.4259,2,1,0.8079,0.0758102,0,0.349,3,755666.67,5.67,0.0,0,178000,4.45,3,30,HAA-00429,NP0066,Lumbini Hospitality Pvt. Ltd.,Tourism & Hotels,Bagmati,0
0.4867,0.0,0.871,50800.0,0,0,1,0,0,0,1,0,1,0,2,2,256,0,0.1917,1,2,0.0,0.29215080000000004,0,0.1357,3,991666.67,43.0,0.33,1,1524000,1.46,0,30,HAA-00430,NP0032,Tamor Power Pvt. Ltd.,Hydropower,Lumbini,0
0.3043,0.0,1.429,34000.0,0,0,1,0,0,1,0,1,0,1,4,4,37,1,0.3615,0,2,0.0,0.36873,0,0.2332,7,646714.29,54.14,0.43,3,1020000,0.96,0,30,HAA-00431,NP0191,Himalayan Traders Pvt. Ltd.,Trading & Import,Gandaki,1
0.2699,0.4,0.238,11167.0,0,0,0,0,1,1,0,0,1,0,2,2,255,1,0.4579,3,1,0.5398,0.1533965,0,0.2856,8,897375.0,33.5,0.25,2,335000,7.51,2,30,HAA-00432,NP0086,Pokhara Construction Co.,Construction,Bagmati,1
0.3004,0.0,0.755,11978.0,0,0,1,0,1,1,0,0,0,1,3,3,122,1,0.3615,3,2,0.0,0.1948485,0,0.1324,7,725428.57,34.86,0.29,2,539000,8.8,0,45,HAA-00433,NP0051,Nepal Trade House,Trading & Import,Gandaki,0
0.3083,0.2,1.483,35300.0,0,0,0,0,0,1,0,0,0,0,1,1,0,1,0.3615,2,2,0.3083,0.38282849999999996,0,0.204,5,536800.0,23.6,0.2,1,1059000,3.79,1,30,HAA-00434,NP0153,Everest Imports Pvt. Ltd.,Trading & Import,Bagmati,1
0.2956,0.6,0.898,9567.0,0,1,0,0,0,1,0,0,1,1,1,2,281,0,0.4259,1,1,0.8867999999999999,0.12223329999999999,0,0.3543,6,1083833.33,11.33,0.0,0,287000,1.02,3,30,HAA-00435,NP0186,Lumbini Hospitality Pvt. Ltd.,Tourism & Hotels,Lumbini,0
0.3753,0.0,0.267,4567.0,0,0,1,0,0,0,0,0,0,1,4,1,0,0,0.12,0,1,0.0,0.01644,0,0.0991,5,750400.0,8.6,0.0,0,137000,0.83,0,30,HAA-00436,NP0063,Kumari Bank Ltd.,Banking & Finance,Madhesh,0
0.2713,0.8,0.94,44100.0,0,1,0,0,1,1,0,0,1,1,1,2,268,1,0.4579,3,2,1.0852,0.6058017,0,0.4258,13,810153.85,39.08,0.31,4,1323000,8.05,4,30,HAA-00437,NP0190,Nepal Infrastructure Pvt. Ltd.,Construction,Madhesh,0
0.4979,0.2,1.499,35667.0,0,0,0,0,0,1,0,0,0,1,3,3,127,0,0.3615,2,2,0.4979,0.386805,0,0.2419,1,1070000.0,19.0,0.0,0,1070000,4.31,1,30,HAA-00438,NP0125,Everest Imports Pvt. Ltd.,Trading & Import,Koshi,0
0.5503,0.4,1.233,13133.0,0,0,0,0,0,1,0,0,0,1,2,2,197,0,0.4259,2,1,1.1006,0.1678046,0,0.3352,2,282500.0,49.5,0.5,1,394000,3.05,2,30,HAA-00439,NP0150,Pokhara Resort & Spa,Tourism & Hotels,Gandaki,0
0.4517,0.2,0.589,9556.0,0,0,0,0,0,0,0,0,0,0,1,1,0,1,0.2708,2,1,0.4517,0.11644399999999999,0,0.2145,9,710222.22,52.78,0.33,3,430000,4.42,1,45,HAA-00440,NP0058,Butwal Steel Industries,Manufacturing,Gandaki,0
0.3535,0.4,0.879,21400.0,0,0,0,0,0,0,0,0,1,0,2,2,235,0,0.2708,2,2,0.707,0.1738536,0,0.2649,9,710222.22,52.78,0.33,3,642000,3.04,2,30,HAA-00441,NP0058,Hetauda Chemicals Pvt. Ltd.,Manufacturing,Bagmati,0
0.3602,0.4,0.803,37700.0,0,0,0,0,0,1,0,0,0,1,2,3,189,0,0.4579,2,2,0.7204,0.5178849,0,0.3036,8,897375.0,33.5,0.25,2,1131000,4.53,2,30,HAA-00442,NP0086,Nepal Infrastructure Pvt. Ltd.,Construction,Bagmati,0
0.2816,0.2,1.047,61033.0,0,0,0,0,1,0,1,0,0,0,1,1,0,0,0.1917,3,2,0.2816,0.3510027,0,0.1647,4,1023250.0,10.5,0.0,0,1831000,7.77,1,30,HAA-00443,NP0049,Marsyangdi Energy Pvt. Ltd.,Hydropower,Bagmati,0
0.3981,0.4,1.57,25489.0,0,0,0,0,1,0,0,0,0,1,3,3,124,0,0.2708,2,2,0.7962,0.3106076,0,0.2738,5,931400.0,26.6,0.2,1,1147000,5.43,2,45,HAA-00444,NP0180,Hetauda Chemicals Pvt. Ltd.,Manufacturing,Madhesh,0
0.3688,0.2,0.347,1850.0,0,0,0,0,1,1,0,0,0,1,3,3,121,1,0.4259,3,1,0.3688,0.0472749,0,0.2289,5,474200.0,92.4,0.8,4,111000,6.33,1,60,HAA-00445,NP0170,Thamel Tourism Pvt. Ltd.,Tourism & Hotels,Sudurpashchim,1
0.6518,0.0,1.603,20967.0,0,0,1,0,0,0,0,0,1,0,2,2,240,1,0.1977,2,2,0.0,0.12435329999999999,0,0.1699,3,792666.67,50.33,0.33,1,629000,3.44,0,30,HAA-00446,NP0070,Nepal Data Solutions,Services & IT,Lumbini,0
0.3961,0.4,0.196,2383.0,0,0,0,0,1,0,0,1,0,0,3,4,49,0,0.2708,3,1,0.7922,0.03872439999999999,2,0.3734,6,872833.33,61.33,0.5,3,143000,6.71,2,60,HAA-00447,NP0015,Nepal Cement Udyog,Manufacturing,Koshi,0
0.3205,0.4,0.836,8900.0,0,0,0,0,1,1,0,0,0,0,1,1,329,0,0.4259,3,1,0.641,0.1137153,0,0.2893,9,511888.89,40.67,0.33,3,267000,6.08,2,30,HAA-00448,NP0054,Pokhara Resort & Spa,Tourism & Hotels,Bagmati,0
0.6481,0.8,0.219,1167.0,0,1,0,0,0,1,0,0,1,1,1,2,286,0,0.4259,1,0,2.5924,0.029813000000000003,0,0.4948,6,696666.67,47.33,0.5,3,70000,1.3,4,60,HAA-00449,NP0188,Thamel Tourism Pvt. Ltd.,Tourism & Hotels,Lumbini,0
0.4542,0.2,0.895,21800.0,0,0,0,0,1,0,0,0,0,1,3,3,116,0,0.2708,2,2,0.4542,0.1771032,0,0.215,7,654000.0,12.29,0.0,0,654000,5.26,1,30,HAA-00450,NP0101,Nepal Cement Udyog,Manufacturing,Koshi,0
0.495,0.2,0.965,11022.0,0,0,0,0,0,0,0,0,0,1,2,3,195,0,0.12,1,1,0.495,0.059519999999999997,0,0.193,6,790666.67,26.17,0.17,1,496000,2.5,1,45,HAA-00451,NP0008,NMB Finance,Banking & Finance,Gandaki,0
0.6233,0.2,1.114,18089.0,0,0,0,0,1,0,0,0,0,0,4,1,0,0,0.2708,3,2,0.6233,0.22043119999999997,0,0.2488,8,489250.0,68.0,0.75,6,814000,7.29,1,45,HAA-00452,NP0053,Hetauda Chemicals Pvt. Ltd.,Manufacturing,Bagmati,1
0.3706,0.6,0.384,18000.0,0,1,0,0,0,1,0,0,0,1,4,1,5,0,0.4579,2,2,1.1118,0.247266,0,0.3757,5,501400.0,7.4,0.0,0,540000,3.98,3,30,HAA-00453,NP0060,Bhaktapur Builders,Construction,Madhesh,0
0.5116,0.6,1.092,25633.0,0,1,0,0,1,1,1,1,0,1,4,4,44,1,0.4579,3,2,1.5348000000000002,0.7042501999999999,3,0.5039,4,896750.0,101.25,0.75,3,1538000,8.95,3,60,HAA-00454,NP0108,Kathmandu Nirman Pvt. Ltd.,Construction,Koshi,0
0.2976,0.4,0.255,4133.0,0,0,0,0,0,0,0,1,0,1,4,4,21,0,0.2708,1,1,0.5952,0.0503688,2,0.3537,5,1034000.0,8.2,0.0,0,186000,1.06,2,45,HAA-00455,NP0005,Hetauda Chemicals Pvt. Ltd.,Manufacturing,Madhesh,0
0.2762,0.4,1.543,16433.0,0,0,0,0,1,1,0,1,0,1,3,4,91,0,0.4259,3,1,0.5524,0.2099687,2,0.3804,6,435166.67,66.0,0.5,3,493000,7.08,2,30,HAA-00456,NP0103,Lumbini Hospitality Pvt. Ltd.,Tourism & Hotels,Madhesh,1
0.3492,0.6,1.697,22200.0,0,1,0,0,1,0,0,0,0,1,1,1,289,1,0.1977,3,2,1.0476,0.13166819999999999,0,0.3194,2,821000.0,59.0,0.5,1,666000,6.14,3,30,HAA-00457,NP0196,Nepal Data Solutions,Services & IT,Karnali,1
0.2528,0.2,0.782,8333.0,0,0,0,0,1,1,0,1,0,0,4,4,55,0,0.4259,3,1,0.2528,0.106475,1,0.3057,4,1155500.0,6.75,0.0,0,250000,6.97,1,30,HAA-00458,NP0006,Thamel Tourism Pvt. Ltd.,Tourism & Hotels,Bagmati,0
0.381,0.2,1.102,5867.0,0,0,0,0,0,1,0,0,1,0,1,2,228,0,0.4259,1,1,0.381,0.1499168,0,0.2314,5,537200.0,64.4,0.6,3,352000,2.94,1,60,HAA-00459,NP0109,Sagarmatha Trekking Co.,Tourism & Hotels,Bagmati,0
0.359,0.2,0.719,4044.0,0,0,0,0,0,1,0,0,0,1,2,2,201,0,0.2553,2,1,0.359,0.0464646,0,0.1929,5,461400.0,34.6,0.2,1,182000,4.56,1,45,HAA-00460,NP0116,Koshi Farms Ltd.,Agriculture,Bagmati,1
0.2517,0.4,0.158,3767.0,0,0,0,0,1,1,0,1,0,1,4,4,35,0,0.3615,3,1,0.5034,0.0408495,2,0.3626,2,1543500.0,41.0,0.5,1,113000,7.22,2,30,HAA-00461,NP0094,Himalayan Traders Pvt. Ltd.,Trading & Import,Bagmati,1
0.4812,0.6,0.752,11933.0,0,1,0,0,0,1,0,0,0,1,3,3,124,0,0.3615,1,2,1.4436,0.1941255,0,0.3785,6,782166.67,39.83,0.33,2,537000,2.28,3,45,HAA-00462,NP0047,Nepal Trade House,Trading & Import,Gandaki,0
0.2593,0.2,1.377,40133.0,0,0,0,0,0,0,1,0,0,1,4,1,0,0,0.1917,1,3,0.2593,0.4616136,0,0.1602,12,652083.33,49.58,0.42,5,2408000,2.23,1,60,HAA-00463,NP0099,Upper Karnali Hydro Pvt. Ltd.,Hydropower,Lumbini,0
0.622,0.2,1.124,9800.0,0,0,0,0,1,0,0,0,1,0,2,2,242,0,0.1977,2,1,0.622,0.08718569999999999,0,0.2339,3,420333.33,11.33,0.0,0,441000,5.07,1,45,HAA-00464,NP0055,CloudNepal Pvt. Ltd.,Services & IT,Lumbini,0
0.3825,0.2,0.305,4844.0,0,0,0,0,0,1,0,1,0,1,3,4,98,0,0.3615,2,1,0.3825,0.078807,1,0.3188,4,689500.0,38.5,0.25,1,218000,4.83,1,45,HAA-00465,NP0168,Annapurna Merchandise Pvt. Ltd.,Trading & Import,Bagmati,1
0.5972,0.4,1.476,23422.0,0,0,0,0,0,1,0,0,0,1,1,1,289,1,0.3615,1,2,1.1944,0.381021,0,0.3317,6,731500.0,9.5,0.0,0,1054000,2.72,2,45,HAA-00466,NP0052,Everest Imports Pvt. Ltd.,Trading & Import,Sudurpashchim,0
0.3009,0.6,0.98,23333.0,0,1,0,0,0,1,0,1,0,1,3,4,100,1,0.3615,1,2,0.9027000000000001,0.25305,3,0.4425,9,871555.56,15.78,0.11,1,700000,2.86,3,30,HAA-00467,NP0144,Everest Imports Pvt. Ltd.,Trading & Import,Bagmati,0
0.331,0.2,1.468,34933.0,0,0,0,0,0,1,0,1,0,0,4,4,56,0,0.3615,1,2,0.331,0.378852,1,0.3085,4,583250.0,32.5,0.25,1,1048000,2.68,1,30,HAA-00468,NP0013,Nepal Trade House,Trading & Import,Bagmati,1
0.3062,0.4,1.057,12583.0,0,0,0,0,1,1,0,1,0,1,3,4,91,0,0.3615,3,2,0.6124,0.27293249999999997,2,0.3735,3,1493666.67,30.0,0.33,1,755000,7.0,2,60,HAA-00469,NP0114,Nepal Trade House,Trading & Import,Koshi,0
0.4105,1.0,1.177,12533.0,0,1,0,0,1,1,0,0,1,0,2,2,237,0,0.4259,2,1,2.0524999999999998,0.16013840000000001,0,0.5173,6,908833.33,9.5,0.0,0,376000,5.95,5,30,HAA-00470,NP0124,Lumbini Hospitality Pvt. Ltd.,Tourism & Hotels,Koshi,0
0.4127,0.6,0.366,4450.0,0,1,0,0,1,0,0,0,0,1,1,1,293,0,0.2708,3,1,1.2381,0.0723036,0,0.3467,3,1257666.67,50.67,0.33,1,267000,7.53,3,60,HAA-00471,NP0106,Butwal Steel Industries,Manufacturing,Gandaki,1
0.6201,0.2,0.406,23667.0,0,0,0,0,1,0,0,0,0,1,1,1,291,0,0.1917,3,2,0.6201,0.136107,0,0.2324,4,632500.0,60.75,0.5,2,710000,8.79,1,30,HAA-00472,NP0158,Seti River Power Co.,Hydropower,Bagmati,0
0.4211,0.2,1.658,96633.0,0,0,0,0,0,0,1,0,0,1,3,3,107,1,0.1917,2,3,0.4211,0.5557383,0,0.1926,9,907777.78,17.22,0.11,1,2899000,4.4,1,30,HAA-00473,NP0147,Upper Karnali Hydro Pvt. Ltd.,Hydropower,Lumbini,0
0.2616,0.2,0.506,6017.0,0,0,0,0,0,1,0,0,0,0,4,1,0,0,0.3615,0,1,0.2616,0.1305015,0,0.1946,9,949111.11,79.89,0.67,6,361000,0.83,1,60,HAA-00474,NP0145,Annapurna Merchandise Pvt. Ltd.,Trading & Import,Bagmati,0
0.4085,0.2,1.666,64756.0,0,0,0,0,0,0,1,0,1,0,1,2,244,0,0.1917,0,3,0.4085,0.5586138,0,0.19,3,1296333.33,34.33,0.33,1,2914000,0.67,1,45,HAA-00475,NP0120,Seti River Power Co.,Hydropower,Bagmati,0
0.2795,0.4,1.151,28033.0,0,0,0,0,0,0,0,1,0,0,4,4,66,1,0.2708,1,2,0.559,0.22774279999999997,2,0.3501,5,750400.0,8.6,0.0,0,841000,2.84,2,30,HAA-00476,NP0063,Hetauda Chemicals Pvt. Ltd.,Manufacturing,Lumbini,0
0.2773,0.4,0.339,10600.0,0,0,0,0,1,1,0,0,0,1,4,1,3,1,0.4579,3,1,0.5546,0.21841829999999998,0,0.287,4,466250.0,30.0,0.25,1,477000,8.41,2,45,HAA-00477,NP0019,Pokhara Construction Co.,Construction,Bagmati,0
0.4106,0.2,0.303,4800.0,0,0,0,0,0,1,0,0,0,1,3,3,129,1,0.3615,2,1,0.4106,0.078084,0,0.2244,7,800428.57,47.29,0.29,2,216000,4.83,1,45,HAA-00478,NP0092,Himalayan Traders Pvt. Ltd.,Trading & Import,Bagmati,0
0.3246,0.2,0.545,3867.0,0,0,0,0,0,1,0,1,0,0,3,4,75,0,0.4259,1,1,0.3246,0.0741066,1,0.3201,9,710222.22,52.78,0.33,3,174000,2.63,1,45,HAA-00479,NP0058,Thamel Tourism Pvt. Ltd.,Tourism & Hotels,Gandaki,0
0.5752,0.0,1.585,92433.0,0,0,1,0,0,0,1,1,0,1,4,4,37,1,0.1917,2,3,0.0,0.5315841,0,0.2534,4,1230250.0,43.5,0.25,1,2773000,3.74,0,30,HAA-00480,NP0183,Marsyangdi Energy Pvt. Ltd.,Hydropower,Karnali,1
0.5682,0.0,0.828,5417.0,0,0,1,0,1,0,0,0,0,1,2,2,209,0,0.1977,2,1,0.0,0.0642525,0,0.1532,9,613555.56,41.0,0.33,3,325000,5.49,0,60,HAA-00481,NP0090,Digital Yatra Pvt. Ltd.,Services & IT,Karnali,0
0.6166,0.8,0.723,16967.0,0,1,0,0,1,1,0,0,0,1,2,2,196,0,0.4579,2,2,2.4664,0.4661422,0,0.4949,8,628000.0,21.5,0.25,2,1018000,5.96,4,60,HAA-00482,NP0117,Pokhara Construction Co.,Construction,Gandaki,0
0.3387,0.2,0.749,18233.0,0,0,0,0,0,0,0,0,0,0,1,1,334,0,0.2708,1,2,0.3387,0.1481276,0,0.1919,6,907166.67,43.17,0.33,2,547000,1.6,1,30,HAA-00483,NP0062,Biratnagar Textile Mills,Manufacturing,Bagmati,0
0.3899,0.0,0.374,10917.0,0,0,1,0,1,0,0,0,0,0,1,1,0,1,0.1917,3,2,0.0,0.12556350000000002,0,0.1163,4,819250.0,32.5,0.25,1,655000,8.8,0,60,HAA-00484,NP0023,Seti River Power Co.,Hydropower,Bagmati,0
0.3483,0.0,0.948,6200.0,0,0,1,0,1,0,0,0,0,0,4,1,0,0,0.1977,2,1,0.0,0.0735444,0,0.1092,3,684000.0,12.0,0.0,0,372000,5.02,0,60,HAA-00485,NP0127,Digital Yatra Pvt. Ltd.,Services & IT,Bagmati,0
0.357,0.4,0.352,5578.0,0,0,0,0,0,1,0,1,0,1,4,4,40,0,0.3615,1,1,0.714,0.0907365,2,0.3837,5,691200.0,12.4,0.0,0,251000,1.44,2,45,HAA-00486,NP0137,Annapurna Merchandise Pvt. Ltd.,Trading & Import,Lumbini,0
0.4209,0.2,1.458,23133.0,0,0,0,0,1,1,0,0,0,1,1,1,291,0,0.3615,3,2,0.4209,0.3763215,0,0.2265,5,546800.0,37.0,0.2,1,1041000,8.07,1,45,HAA-00487,NP0140,Everest Imports Pvt. Ltd.,Trading & Import,Lumbini,0
0.3132,0.0,0.722,42067.0,0,0,1,0,0,0,0,0,0,1,2,3,171,1,0.1917,0,2,0.0,0.2419254,0,0.101,8,999500.0,58.25,0.38,3,1262000,0.9,0,30,HAA-00488,NP0129,Marsyangdi Energy Pvt. Ltd.,Hydropower,Gandaki,1
0.2944,0.2,0.735,17500.0,0,0,0,0,1,1,0,0,0,1,1,1,297,1,0.3615,3,2,0.2944,0.1897875,0,0.2012,9,710222.22,52.78,0.33,3,525000,8.19,1,30,HAA-00489,NP0058,Everest Imports Pvt. Ltd.,Trading & Import,Gandaki,0
0.6507,0.2,0.862,4844.0,0,0,0,0,1,1,0,0,0,1,1,1,314,0,0.2553,3,1,0.6507,0.05565540000000001,0,0.2512,5,1039800.0,43.2,0.4,2,218000,8.97,1,45,HAA-00490,NP0122,Koshi Farms Ltd.,Agriculture,Bagmati,0
0.4954,0.0,0.837,7167.0,0,0,1,0,1,0,0,1,0,1,3,4,80,1,0.12,3,1,0.0,0.0516,0,0.2231,6,493666.67,56.67,0.5,3,430000,6.38,0,60,HAA-00491,NP0001,Kumari Bank Ltd.,Banking & Finance,Gandaki,0
0.3046,0.0,1.693,65800.0,0,0,1,0,1,0,1,0,0,0,1,1,0,0,0.1917,3,3,0.0,0.5676237,0,0.0993,4,1384250.0,53.0,0.5,2,2961000,6.99,0,45,HAA-00492,NP0034,Seti River Power Co.,Hydropower,Bagmati,1
0.4054,0.4,1.176,19089.0,0,0,0,0,0,0,0,0,0,1,4,1,0,0,0.2708,2,2,0.8108,0.2326172,0,0.2752,7,599571.43,17.43,0.14,1,859000,3.2,2,45,HAA-00493,NP0096,Hetauda Chemicals Pvt. Ltd.,Manufacturing,Lumbini,0
0.3167,0.6,0.277,2333.0,0,1,0,0,1,1,0,1,0,1,3,4,80,1,0.2553,3,0,0.9501,0.017871000000000005,3,0.4244,5,799800.0,30.0,0.2,1,70000,8.49,3,30,HAA-00494,NP0126,Nepal Spices Pvt. Ltd.,Agriculture,Lumbini,1
0.4222,0.4,1.141,14933.0,0,0,0,0,0,0,0,0,0,1,1,1,299,0,0.1977,2,1,0.8444,0.0885696,0,0.264,6,1135500.0,21.0,0.17,1,448000,4.88,2,30,HAA-00495,NP0118,Digital Yatra Pvt. Ltd.,Services & IT,Lumbini,0
0.4039,0.2,0.452,11000.0,0,0,0,0,1,0,0,0,1,0,2,2,234,1,0.2708,3,1,0.4039,0.089364,0,0.2049,7,964571.43,37.57,0.29,2,330000,6.66,1,30,HAA-00496,NP0048,Biratnagar Textile Mills,Manufacturing,Gandaki,0
0.5263,0.4,0.204,2667.0,0,0,0,0,1,0,0,0,0,1,2,2,218,0,0.1977,3,0,1.0526,0.015816,0,0.2848,4,909000.0,29.5,0.25,1,80000,8.34,2,30,HAA-00497,NP0089,Nepal Data Solutions,Services & IT,Lumbini,1
0.4658,0.4,1.617,9089.0,0,0,0,0,1,1,0,1,0,1,4,4,41,0,0.2553,3,1,0.9316,0.1044177,2,0.3842,8,628000.0,21.5,0.25,2,409000,8.78,2,45,HAA-00498,NP0117,Koshi Farms Ltd.,Agriculture,Bagmati,0
0.3319,1.0,1.281,60133.0,0,1,0,0,1,1,1,1,0,1,4,4,42,0,0.4579,3,2,1.6595,0.8260516,5,0.608,8,999500.0,58.25,0.38,3,1804000,7.54,5,30,HAA-00499,NP0129,Nepal Infrastructure Pvt. Ltd.,Construction,Bagmati,0
0.3872,0.4,1.685,26733.0,0,0,0,0,0,1,0,0,0,1,2,3,179,0,0.3615,1,2,0.7744,0.4348845,0,0.2897,3,616000.0,43.67,0.33,1,1203000,2.9,2,45,HAA-00500,NP0016,Annapurna Merchandise Pvt. Ltd.,Trading & Import,Lumbini,0
0.2912,0.6,1.03,10967.0,0,1,0,0,1,1,0,0,0,1,2,3,182,0,0.4259,3,1,0.8736,0.1401211,0,0.3534,6,489833.33,55.5,0.5,3,329000,8.71,3,30,HAA-00501,NP0189,Pokhara Resort & Spa,Tourism & Hotels,Bagmati,1
0.2754,0.0,0.975,11133.0,0,0,1,0,1,0,0,0,0,1,1,1,303,1,0.12,2,2,0.0,0.06012,0,0.0791,7,629857.14,76.86,0.86,6,501000,5.75,0,45,HAA-00502,NP0192,NMB Finance,Banking & Finance,Lumbini,0
0.3504,0.0,0.412,6533.0,0,0,1,0,1,1,0,0,0,1,2,2,214,0,0.3615,3,1,0.0,0.10628099999999999,0,0.1424,7,646714.29,54.14,0.43,3,294000,8.39,0,45,HAA-00503,NP0191,Nepal Trade House,Trading & Import,Koshi,0
0.2945,0.2,0.531,9100.0,0,0,0,0,1,0,0,0,0,1,2,3,170,1,0.12,3,1,0.2945,0.032760000000000004,0,0.1529,7,959571.43,12.57,0.0,0,273000,6.17,1,30,HAA-00504,NP0069,Kumari Bank Ltd.,Banking & Finance,Sudurpashchim,0
0.4411,0.6,1.462,34800.0,0,1,0,0,0,1,0,0,0,1,1,1,292,0,0.3615,1,2,1.3233,0.377406,0,0.3705,3,696000.0,73.0,0.67,2,1044000,2.94,3,30,HAA-00505,NP0022,Himalayan Traders Pvt. Ltd.,Trading & Import,Karnali,0
0.3941,0.2,0.706,16800.0,0,0,0,0,0,1,0,0,0,1,2,3,169,0,0.3615,2,2,0.3941,0.182196,0,0.2211,6,832500.0,31.33,0.17,1,504000,3.49,1,30,HAA-00506,NP0093,Everest Imports Pvt. Ltd.,Trading & Import,Bagmati,0
0.3047,0.2,1.432,41733.0,0,0,0,0,1,0,1,0,0,1,4,1,0,0,0.1917,2,3,0.3047,0.4800168,0,0.1693,4,914000.0,8.0,0.0,0,2504000,5.07,1,60,HAA-00507,NP0195,Upper Karnali Hydro Pvt. Ltd.,Hydropower,Karnali,0
0.4055,0.2,1.259,29967.0,0,0,0,0,1,1,0,0,0,1,3,3,122,1,0.3615,3,2,0.4055,0.3249885,0,0.2234,3,1438333.33,28.67,0.33,1,899000,7.16,1,30,HAA-00508,NP0076,Everest Imports Pvt. Ltd.,Trading & Import,Koshi,0
0.3366,0.4,0.411,2311.0,0,0,0,0,0,1,0,0,0,1,1,1,291,0,0.2553,2,1,0.6732,0.0265512,0,0.2584,4,1507250.0,43.0,0.5,2,104000,3.03,2,45,HAA-00509,NP0154,Koshi Farms Ltd.,Agriculture,Lumbini,1
0.5095,0.0,0.936,8017.0,0,0,1,0,1,0,0,0,1,0,1,2,235,0,0.12,2,1,0.0,0.057719999999999994,0,0.1259,9,871555.56,15.78,0.11,1,481000,5.32,0,60,HAA-00510,NP0144,NMB Finance,Banking & Finance,Bagmati,0
0.3333,0.0,1.2,13711.0,0,0,1,0,0,0,0,0,0,0,3,3,146,0,0.12,2,2,0.0,0.07404,0,0.0907,5,526000.0,32.0,0.2,1,617000,3.27,0,45,HAA-00511,NP0179,NMB Finance,Banking & Finance,Madhesh,1
0.2737,0.4,0.605,14733.0,0,0,0,0,1,0,0,0,0,1,2,2,203,0,0.2708,3,1,0.5474,0.1196936,0,0.2489,8,897375.0,33.5,0.25,2,442000,7.39,2,30,HAA-00512,NP0086,Hetauda Chemicals Pvt. Ltd.,Manufacturing,Bagmati,0
0.2724,0.4,1.45,17250.0,0,0,0,0,0,1,0,0,0,1,2,3,174,0,0.3615,2,2,0.5448,0.37415249999999994,0,0.2668,5,1392000.0,40.4,0.4,2,1035000,4.33,2,60,HAA-00513,NP0185,Himalayan Traders Pvt. Ltd.,Trading & Import,Madhesh,1
0.3021,0.6,1.152,12267.0,0,1,0,0,0,1,0,0,0,0,3,3,141,0,0.4259,0,1,0.9062999999999999,0.1567312,0,0.3556,5,1434800.0,33.4,0.2,1,368000,0.92,3,30,HAA-00514,NP0029,Pokhara Resort & Spa,Tourism & Hotels,Bagmati,0
0.2972,0.2,0.476,11600.0,0,0,0,0,0,0,0,0,0,1,3,3,121,1,0.2708,1,1,0.2972,0.09423839999999999,0,0.1836,7,959571.43,12.57,0.0,0,348000,1.7,1,30,HAA-00515,NP0069,Nepal Cement Udyog,Manufacturing,Lumbini,0
0.3455,0.2,1.246,15167.0,0,0,0,0,0,0,0,0,0,1,4,1,14,0,0.2708,0,2,0.3455,0.246428,0,0.1933,6,782166.67,39.83,0.33,2,910000,0.78,1,60,HAA-00516,NP0047,Hetauda Chemicals Pvt. Ltd.,Manufacturing,Gandaki,1
0.3376,0.2,1.7,66089.0,0,0,0,0,0,0,1,0,0,1,2,3,195,0,0.1917,2,3,0.3376,0.5701158000000001,0,0.1759,2,1543500.0,41.0,0.5,1,2974000,4.62,1,45,HAA-00517,NP0094,Upper Karnali Hydro Pvt. Ltd.,Hydropower,Bagmati,0
0.5444,0.2,0.441,4700.0,0,0,0,0,0,1,0,1,0,1,4,4,41,0,0.4259,1,1,0.5444,0.06005189999999999,1,0.3641,13,810153.85,39.08,0.31,4,141000,1.18,1,30,HAA-00518,NP0190,Pokhara Resort & Spa,Tourism & Hotels,Bagmati,1
0.3833,0.4,1.64,17467.0,0,0,0,0,0,1,0,0,0,1,2,2,211,0,0.4259,1,2,0.7666,0.2231716,0,0.3018,5,723200.0,11.2,0.0,0,524000,1.25,2,30,HAA-00519,NP0197,Sagarmatha Trekking Co.,Tourism & Hotels,Gandaki,0
0.3803,0.2,0.458,3867.0,0,0,0,0,1,1,0,0,0,1,1,1,314,0,0.2553,3,1,0.3803,0.029614800000000004,0,0.1971,9,871555.56,15.78,0.11,1,116000,8.48,1,30,HAA-00520,NP0144,Nepal Spices Pvt. Ltd.,Agriculture,Bagmati,0
0.2566,0.2,1.429,12467.0,0,0,0,0,1,0,0,0,0,1,3,3,117,0,0.1977,3,2,0.2566,0.1109097,0,0.1609,3,779000.0,7.0,0.0,0,561000,7.89,1,45,HAA-00521,NP0176,Digital Yatra Pvt. Ltd.,Services & IT,Gandaki,0
0.3878,0.8,1.493,15900.0,0,1,0,0,0,1,0,0,0,1,3,3,120,0,0.4259,2,1,1.5512,0.20315429999999998,0,0.4427,4,649250.0,57.25,0.5,2,477000,4.21,4,30,HAA-00522,NP0085,Sagarmatha Trekking Co.,Tourism & Hotels,Lumbini,1
0.348,0.8,0.726,8833.0,0,1,0,0,1,0,0,0,0,0,4,1,0,0,0.2708,3,2,1.392,0.143524,0,0.4038,7,822142.86,49.71,0.43,3,530000,8.88,4,60,HAA-00523,NP0039,Biratnagar Textile Mills,Manufacturing,Madhesh,1
0.353,0.6,0.62,14550.0,0,1,0,1,0,1,0,1,0,1,4,4,39,0,0.4579,0,2,1.059,0.39974669999999995,3,0.5722,4,1110250.0,38.0,0.25,1,873000,0.25,3,60,HAA-00524,NP0100,Kathmandu Nirman Pvt. Ltd.,Construction,Lumbini,0
0.3235,0.2,1.391,16550.0,0,0,0,0,1,1,0,0,0,0,4,1,0,0,0.3615,2,2,0.3235,0.3589695,0,0.207,7,670000.0,20.14,0.14,1,993000,5.62,1,60,HAA-00525,NP0033,Himalayan Traders Pvt. Ltd.,Trading & Import,Bagmati,0
0.2966,0.2,0.904,11833.0,0,0,0,0,1,0,0,0,0,1,4,1,3,1,0.1977,2,1,0.2966,0.0701835,0,0.1689,7,654000.0,12.29,0.0,0,355000,5.64,1,30,HAA-00526,NP0101,CloudNepal Pvt. Ltd.,Services & IT,Bagmati,0
0.4848,0.4,1.345,11733.0,0,0,0,0,0,0,0,1,0,1,3,4,99,0,0.1977,2,2,0.9696,0.1043856,2,0.3765,4,819250.0,32.5,0.25,1,528000,4.25,2,45,HAA-00527,NP0023,Kathmandu Tech Hub,Services & IT,Bagmati,1
0.3546,0.2,0.435,2317.0,0,0,0,0,0,1,0,0,0,1,3,3,112,0,0.4259,2,1,0.3546,0.059200100000000005,0,0.2261,2,156000.0,35.0,0.5,1,139000,3.72,1,60,HAA-00528,NP0010,Pokhara Resort & Spa,Tourism & Hotels,Sudurpashchim,0
0.2805,0.6,1.472,42900.0,0,1,0,0,0,0,1,1,0,1,3,4,101,1,0.1917,2,3,0.8415000000000001,0.4934358,3,0.4044,7,959571.43,12.57,0.0,0,2574000,4.23,3,60,HAA-00529,NP0069,Upper Karnali Hydro Pvt. Ltd.,Hydropower,Madhesh,0
0.3762,0.2,1.252,72967.0,0,0,0,0,0,0,1,0,0,0,1,1,0,0,0.1917,2,3,0.3762,0.41963130000000004,0,0.1836,4,1110250.0,38.0,0.25,1,2189000,3.88,1,30,HAA-00530,NP0100,Upper Karnali Hydro Pvt. Ltd.,Hydropower,Gandaki,0
0.4553,0.8,1.803,19200.0,0,1,0,0,1,1,0,1,0,0,4,4,52,1,0.4259,3,2,1.8212,0.2453184,4,0.5562,4,1384250.0,53.0,0.5,2,576000,6.64,4,30,HAA-00531,NP0034,Thamel Tourism Pvt. Ltd.,Tourism & Hotels,Bagmati,0
0.3186,0.6,0.354,8433.0,0,1,0,0,0,1,0,0,0,1,1,1,296,1,0.3615,1,1,0.9558,0.0914595,0,0.346,5,931400.0,26.6,0.2,1,253000,1.43,3,30,HAA-00532,NP0180,Everest Imports Pvt. Ltd.,Trading & Import,Madhesh,0
0.281,0.4,1.121,9778.0,0,0,0,0,0,0,0,1,0,1,4,4,35,0,0.1977,1,1,0.562,0.086988,2,0.3357,3,1022333.33,14.33,0.0,0,440000,1.98,2,45,HAA-00533,NP0138,CloudNepal Pvt. Ltd.,Services & IT,Madhesh,0
0.6034,0.2,1.087,17244.0,0,0,0,0,0,1,0,0,1,1,1,2,257,0,0.3615,1,2,0.6034,0.280524,0,0.263,9,907777.78,17.22,0.11,1,776000,1.83,1,45,HAA-00534,NP0147,Himalayan Traders Pvt. Ltd.,Trading & Import,Madhesh,1
0.2906,0.0,0.695,20267.0,0,0,1,0,0,0,0,0,0,0,2,3,141,0,0.1917,1,2,0.0,0.23310720000000001,0,0.0965,6,1083833.33,11.33,0.0,0,1216000,2.55,0,60,HAA-00535,NP0186,Seti River Power Co.,Hydropower,Madhesh,0
0.2813,0.2,0.899,11767.0,0,0,0,0,0,0,0,0,1,1,1,2,258,0,0.1977,2,1,0.2813,0.06978809999999999,0,0.1658,7,599571.43,17.43,0.14,1,353000,4.85,1,30,HAA-00536,NP0096,Digital Yatra Pvt. Ltd.,Services & IT,Gandaki,0
0.3769,0.6,0.195,9133.0,0,1,0,0,0,1,0,1,0,1,3,4,83,0,0.4579,1,1,1.1307,0.1254646,3,0.477,6,493666.67,56.67,0.5,3,274000,1.22,3,30,HAA-00537,NP0001,Kathmandu Nirman Pvt. Ltd.,Construction,Bagmati,1
0.2526,0.0,1.306,76133.0,0,0,1,0,1,0,1,0,0,1,4,1,14,0,0.1917,3,3,0.0,0.4378428,0,0.0889,7,959571.43,12.57,0.0,0,2284000,7.85,0,30,HAA-00538,NP0069,Marsyangdi Energy Pvt. Ltd.,Hydropower,Gandaki,0
0.2885,0.2,1.0,58300.0,0,0,0,0,0,0,1,0,1,0,2,2,229,0,0.1917,1,2,0.2885,0.33528330000000006,0,0.166,4,1219250.0,61.75,0.5,2,1749000,2.85,1,30,HAA-00539,NP0004,Upper Karnali Hydro Pvt. Ltd.,Hydropower,Gandaki,0
0.2911,0.4,0.238,5667.0,0,0,0,0,0,1,0,0,0,1,1,1,305,0,0.3615,1,1,0.5822,0.061455,0,0.2705,3,616000.0,43.67,0.33,1,170000,1.67,2,30,HAA-00540,NP0016,Annapurna Merchandise Pvt. Ltd.,Trading & Import,Gandaki,0
0.2968,0.4,1.144,35800.0,0,0,0,0,1,1,1,0,0,1,2,2,211,0,0.4579,3,2,0.5936,0.7376769,0,0.2909,5,908200.0,60.6,0.4,2,1611000,6.16,2,45,HAA-00541,NP0024,Nepal Infrastructure Pvt. Ltd.,Construction,Lumbini,1
0.5331,0.4,0.88,13956.0,0,0,0,0,0,1,0,1,0,0,3,4,74,0,0.3615,0,2,1.0662,0.227022,2,0.4189,3,1335333.33,70.67,0.67,2,628000,0.58,2,45,HAA-00542,NP0080,Nepal Trade House,Trading & Import,Bagmati,0
0.49,0.0,0.235,3822.0,0,0,1,0,1,0,0,0,0,1,2,2,200,0,0.2708,2,1,0.0,0.0465776,0,0.1522,5,662400.0,25.8,0.2,1,172000,5.67,0,45,HAA-00543,NP0002,Biratnagar Textile Mills,Manufacturing,Gandaki,1
0.376,0.8,1.613,13600.0,0,1,0,0,1,1,0,0,1,0,2,2,233,1,0.2553,3,1,1.504,0.1041624,0,0.4063,8,625000.0,22.75,0.12,1,408000,6.36,4,30,HAA-00544,NP0128,Bagmati Agri Export,Agriculture,Gandaki,0
0.4629,0.2,1.636,38933.0,0,0,0,0,0,1,0,0,1,1,1,2,267,0,0.3615,1,2,0.4629,0.42223199999999994,0,0.2349,8,879250.0,26.0,0.25,2,1168000,2.13,1,30,HAA-00545,NP0160,Annapurna Merchandise Pvt. Ltd.,Trading & Import,Bagmati,0
0.3939,0.2,0.989,12933.0,0,0,0,0,0,0,0,0,0,0,3,3,153,0,0.1977,0,1,0.3939,0.0767076,0,0.1883,6,739333.33,8.33,0.0,0,388000,0.62,1,30,HAA-00546,NP0084,Nepal Data Solutions,Services & IT,Gandaki,0
0.2687,0.2,0.285,1200.0,0,0,0,0,0,1,0,0,0,1,2,2,204,0,0.2553,2,0,0.2687,0.0183816,0,0.1748,9,834333.33,49.67,0.33,3,72000,3.43,1,60,HAA-00547,NP0152,Terai Agro Industries,Agriculture,Madhesh,0
0.2808,0.6,1.331,31667.0,0,1,0,0,0,1,0,1,0,0,4,4,68,0,0.3615,1,2,0.8424,0.343425,3,0.4385,5,546800.0,37.0,0.2,1,950000,1.11,3,30,HAA-00548,NP0140,Everest Imports Pvt. Ltd.,Trading & Import,Madhesh,0
0.3252,0.0,0.955,6250.0,0,0,1,0,0,0,0,0,1,1,1,2,277,0,0.1977,1,1,0.0,0.0741375,0,0.1046,4,1027500.0,31.25,0.25,1,375000,1.27,0,60,HAA-00549,NP0178,Kathmandu Tech Hub,Services & IT,Gandaki,0
0.2744,0.4,0.714,7600.0,0,0,0,0,0,1,0,1,0,1,3,4,92,0,0.4259,1,1,0.5488,0.0971052,2,0.3801,5,545600.0,24.8,0.2,1,228000,2.47,2,30,HAA-00550,NP0163,Lumbini Hospitality Pvt. Ltd.,Tourism & Hotels,Gandaki,0
0.2891,0.2,0.955,6250.0,0,0,0,0,0,0,0,0,0,1,2,2,218,0,0.1977,1,1,0.2891,0.0741375,0,0.1674,6,908833.33,9.5,0.0,0,375000,2.84,1,60,HAA-00551,NP0124,Kathmandu Tech Hub,Services & IT,Bagmati,0
0.3887,0.2,1.133,13800.0,0,0,0,0,0,0,0,0,0,1,3,3,126,0,0.2708,2,2,0.3887,0.2242224,0,0.2019,7,670000.0,20.14,0.14,1,828000,4.89,1,60,HAA-00552,NP0033,Butwal Steel Industries,Manufacturing,Lumbini,0
0.4993,0.4,0.969,45500.0,0,0,0,0,1,1,0,0,1,0,2,2,230,0,0.4579,3,2,0.9986,0.6250334999999999,0,0.3314,11,1313545.45,69.09,0.64,7,1365000,6.19,2,30,HAA-00553,NP0161,Pokhara Construction Co.,Construction,Gandaki,1
0.359,0.6,0.984,15978.0,0,1,0,0,1,0,0,1,0,0,4,4,56,0,0.2708,2,2,1.077,0.1947052,3,0.436,6,489833.33,55.5,0.5,3,719000,5.44,3,45,HAA-00554,NP0189,Butwal Steel Industries,Manufacturing,Gandaki,1
0.2993,0.8,1.141,14933.0,0,1,0,0,0,0,0,0,0,1,4,1,0,1,0.1977,1,1,1.1972,0.0885696,0,0.3794,5,526000.0,32.0,0.2,1,448000,1.55,4,30,HAA-00555,NP0179,Kathmandu Tech Hub,Services & IT,Madhesh,0
0.3859,1.0,1.496,35100.0,0,1,0,0,0,1,1,0,0,0,4,1,0,0,0.4579,1,3,1.9295,0.9643373999999999,0,0.5188,2,1665500.0,76.0,0.5,1,2106000,1.76,5,60,HAA-00556,NP0171,Pokhara Construction Co.,Construction,Gandaki,1
0.3158,0.2,0.839,20433.0,0,0,0,0,1,0,0,0,0,1,3,3,122,1,0.2708,3,2,0.3158,0.1660004,0,0.1873,7,654000.0,12.29,0.0,0,613000,7.94,1,30,HAA-00557,NP0101,Hetauda Chemicals Pvt. Ltd.,Manufacturing,Bagmati,0
0.5758,0.2,1.335,17467.0,0,0,0,0,1,0,0,0,0,1,2,3,166,0,0.1977,2,2,0.5758,0.1035948,0,0.2247,7,390571.43,39.43,0.29,2,524000,5.14,1,30,HAA-00558,NP0012,CloudNepal Pvt. Ltd.,Services & IT,Bagmati,0
0.2967,0.4,1.55,24600.0,0,0,0,0,1,1,0,1,0,1,4,4,21,0,0.3615,3,2,0.5934,0.4001805,2,0.3716,3,684333.33,8.33,0.0,0,1107000,7.86,2,45,HAA-00559,NP0067,Himalayan Traders Pvt. Ltd.,Trading & Import,Gandaki,0
0.2831,0.2,0.863,10267.0,0,0,0,0,0,1,0,1,0,0,3,4,55,0,0.3615,2,2,0.2831,0.222684,1,0.2989,5,1327800.0,25.0,0.2,1,616000,3.5,1,60,HAA-00560,NP0065,Annapurna Merchandise Pvt. Ltd.,Trading & Import,Gandaki,0
0.306,0.2,0.843,20067.0,0,0,0,0,1,1,0,0,1,1,1,2,267,0,0.3615,2,2,0.306,0.21762299999999998,0,0.2035,11,1313545.45,69.09,0.64,7,602000,5.63,1,30,HAA-00561,NP0161,Himalayan Traders Pvt. Ltd.,Trading & Import,Madhesh,0
0.2552,0.6,1.082,42067.0,0,1,0,0,0,0,1,1,0,1,4,4,20,0,0.1917,2,2,0.7656,0.36288810000000005,3,0.3994,4,689500.0,38.5,0.25,1,1893000,4.83,3,45,HAA-00562,NP0168,Tamor Power Pvt. Ltd.,Hydropower,Lumbini,0
0.2803,0.6,1.074,25567.0,0,1,0,0,0,1,0,0,0,1,2,3,178,1,0.3615,2,2,0.8409,0.2772705,0,0.3384,4,874000.0,67.75,0.5,2,767000,3.04,3,30,HAA-00563,NP0074,Everest Imports Pvt. Ltd.,Trading & Import,Koshi,0
0.2662,0.0,1.468,19200.0,0,0,1,0,0,0,0,0,1,1,1,2,266,0,0.1977,2,2,0.0,0.11387519999999998,0,0.0928,3,952666.67,11.33,0.0,0,576000,4.36,0,30,HAA-00564,NP0043,CloudNepal Pvt. Ltd.,Services & IT,Gandaki,0
0.2608,0.2,0.895,14200.0,0,0,0,0,0,1,0,0,0,1,2,2,217,0,0.3615,2,2,0.2608,0.2309985,0,0.1945,4,562500.0,13.0,0.0,0,639000,4.65,1,45,HAA-00565,NP0044,Everest Imports Pvt. Ltd.,Trading & Import,Gandaki,0
0.2854,0.6,1.61,75567.0,0,1,0,0,0,1,1,0,1,0,2,2,237,0,0.4579,1,3,0.8562,1.0380592999999998,0,0.3587,5,1434800.0,33.4,0.2,1,2267000,2.01,3,30,HAA-00566,NP0029,Kathmandu Nirman Pvt. Ltd.,Construction,Gandaki,1
0.3139,0.2,0.241,5733.0,0,0,0,0,0,1,0,0,0,0,3,3,145,0,0.3615,2,1,0.3139,0.06217799999999999,0,0.2051,5,973800.0,87.2,0.6,3,172000,3.01,1,30,HAA-00567,NP0141,Himalayan Traders Pvt. Ltd.,Trading & Import,Gandaki,1
0.6596,0.2,0.158,1033.0,0,0,0,0,1,0,0,0,0,1,2,2,219,1,0.1977,3,0,0.6596,0.0122574,0,0.2415,7,390571.43,39.43,0.29,2,62000,7.17,1,60,HAA-00568,NP0012,CloudNepal Pvt. Ltd.,Services & IT,Lumbini,0
0.3755,0.4,1.115,9400.0,0,0,0,0,1,1,0,0,0,1,1,1,289,1,0.2553,3,1,0.751,0.0719946,0,0.2662,6,860000.0,45.67,0.33,2,282000,8.26,2,30,HAA-00569,NP0095,Bagmati Agri Export,Agriculture,Bagmati,0
0.3414,0.6,0.707,5022.0,0,1,0,0,0,1,0,0,1,1,1,2,274,0,0.4259,2,1,1.0242,0.0962534,0,0.3635,4,294250.0,58.75,0.5,2,226000,3.4,3,45,HAA-00570,NP0046,Thamel Tourism Pvt. Ltd.,Tourism & Hotels,Madhesh,1
0.4421,0.4,0.545,7133.0,0,0,0,0,0,0,0,0,0,1,3,3,122,1,0.1977,1,1,0.8842,0.0423078,0,0.268,7,1051285.71,35.0,0.29,2,214000,2.94,2,30,HAA-00571,NP0130,Digital Yatra Pvt. Ltd.,Services & IT,Bagmati,0
0.4357,0.4,0.636,15133.0,0,0,0,0,0,1,0,1,0,0,4,4,66,1,0.3615,1,1,0.8714,0.164121,2,0.3994,5,1293200.0,5.8,0.0,0,454000,1.96,2,30,HAA-00572,NP0035,Himalayan Traders Pvt. Ltd.,Trading & Import,Bagmati,0
0.2562,0.2,0.545,9333.0,0,0,0,0,1,0,0,0,0,1,2,2,217,0,0.12,3,1,0.2562,0.033600000000000005,0,0.1452,5,626400.0,27.4,0.2,1,280000,6.19,1,30,HAA-00573,NP0081,Kumari Bank Ltd.,Banking & Finance,Bagmati,0
0.2683,0.2,0.195,3089.0,0,0,0,0,0,1,0,0,0,1,1,1,307,0,0.3615,2,1,0.2683,0.0502485,0,0.196,9,613555.56,41.0,0.33,3,139000,3.08,1,45,HAA-00574,NP0090,Himalayan Traders Pvt. Ltd.,Trading & Import,Bagmati,0
0.276,0.2,1.738,15156.0,0,0,0,0,1,0,0,0,1,1,1,2,273,0,0.1977,3,2,0.276,0.1348314,0,0.1647,6,790666.67,26.17,0.17,1,682000,8.89,1,45,HAA-00575,NP0008,Kathmandu Tech Hub,Services & IT,Gandaki,0
0.3977,0.4,0.493,11733.0,0,0,0,0,0,1,0,0,0,1,4,1,1,0,0.3615,2,1,0.7954,0.127248,0,0.2918,6,832500.0,31.33,0.17,1,352000,3.1,2,30,HAA-00576,NP0093,Annapurna Merchandise Pvt. Ltd.,Trading & Import,Bagmati,0
0.6516,0.0,1.524,37100.0,0,0,1,0,0,0,0,0,0,0,3,3,154,0,0.2708,2,2,0.0,0.30140039999999996,0,0.1845,4,1507250.0,43.0,0.5,2,1113000,3.7,0,30,HAA-00577,NP0154,Butwal Steel Industries,Manufacturing,Bagmati,0
0.588,0.6,1.265,29683.0,0,1,0,0,1,1,1,0,0,0,2,3,139,0,0.4579,2,2,1.7639999999999998,0.8155199,0,0.4192,9,613555.56,41.0,0.33,3,1781000,5.53,3,60,HAA-00578,NP0090,Kathmandu Nirman Pvt. Ltd.,Construction,Gandaki,1
0.4385,0.0,1.591,92767.0,0,0,1,0,1,0,1,0,0,0,1,1,321,0,0.1917,3,3,0.0,0.5335011000000001,0,0.126,4,1097250.0,40.5,0.5,2,2783000,7.26,0,30,HAA-00579,NP0162,Upper Karnali Hydro Pvt. Ltd.,Hydropower,Lumbini,0
0.6495,0.6,0.195,2317.0,0,1,0,0,0,1,0,1,0,1,4,4,39,0,0.3615,2,1,1.9485,0.0502485,3,0.5122,5,474400.0,21.2,0.2,1,139000,4.36,3,60,HAA-00580,NP0115,Everest Imports Pvt. Ltd.,Trading & Import,Bagmati,0
0.6483,0.2,1.515,36067.0,0,0,0,0,0,1,0,0,0,0,3,3,142,1,0.3615,2,2,0.6483,0.391143,0,0.272,4,1048500.0,59.75,0.5,2,1082000,3.95,1,30,HAA-00581,NP0105,Everest Imports Pvt. Ltd.,Trading & Import,Gandaki,1
0.2637,0.0,0.966,37533.0,0,0,1,0,1,0,1,0,1,0,1,2,246,0,0.1917,3,2,0.0,0.32378130000000005,0,0.0911,5,929600.0,7.6,0.0,0,1689000,8.96,0,45,HAA-00582,NP0135,Tamor Power Pvt. Ltd.,Hydropower,Koshi,0
0.3062,0.2,1.336,32533.0,0,0,0,1,0,0,0,0,0,1,1,1,294,0,0.2708,0,2,0.3062,0.2643008,0,0.2854,2,821000.0,59.0,0.5,1,976000,0.34,1,30,HAA-00583,NP0196,Butwal Steel Industries,Manufacturing,Karnali,0
0.4401,0.4,1.158,13783.0,0,0,0,0,1,1,0,0,0,1,2,3,165,0,0.3615,3,2,0.8802,0.29896049999999996,0,0.3003,9,710222.22,52.78,0.33,3,827000,8.08,2,60,HAA-00584,NP0058,Annapurna Merchandise Pvt. Ltd.,Trading & Import,Lumbini,1
0.5459,0.0,1.421,55222.0,0,0,1,0,0,0,1,0,0,1,4,1,14,0,0.1917,1,3,0.0,0.4763745,0,0.1475,3,1493666.67,30.0,0.33,1,2485000,1.55,0,45,HAA-00585,NP0114,Seti River Power Co.,Hydropower,Bagmati,0
0.3599,0.8,0.669,15933.0,0,1,0,0,1,1,0,1,0,1,4,4,19,0,0.3615,3,1,1.4396,0.17279699999999998,4,0.5243,6,564333.33,27.67,0.17,1,478000,7.13,4,30,HAA-00586,NP0075,Himalayan Traders Pvt. Ltd.,Trading & Import,Koshi,1
0.661,0.2,1.286,22033.0,0,0,0,0,1,0,0,0,0,1,3,3,114,1,0.12,2,2,0.661,0.07932,0,0.2262,3,552666.67,80.0,0.67,2,661000,5.66,1,30,HAA-00587,NP0157,Goodwill Finance Co.,Banking & Finance,Lumbini,0
0.26,0.4,0.976,15489.0,0,0,0,0,0,1,0,1,0,0,4,4,54,0,0.3615,2,2,0.52,0.25196549999999995,2,0.3643,3,1296333.33,34.33,0.33,1,697000,3.24,2,45,HAA-00588,NP0120,Nepal Trade House,Trading & Import,Bagmati,1
0.3942,0.2,1.38,53622.0,0,0,0,0,1,0,1,0,1,1,1,2,277,0,0.1917,3,3,0.3942,0.4625721,0,0.1872,7,589714.29,68.86,0.71,5,2413000,7.9,1,45,HAA-00589,NP0164,Marsyangdi Energy Pvt. Ltd.,Hydropower,Madhesh,0
0.3991,0.0,1.7,40467.0,0,0,1,1,0,1,0,0,0,1,3,3,120,0,0.3615,0,2,0.0,0.438861,0,0.2521,6,926666.67,46.0,0.33,2,1214000,0.36,0,30,HAA-00590,NP0021,Everest Imports Pvt. Ltd.,Trading & Import,Gandaki,1
0.4038,0.4,0.532,5667.0,0,0,0,0,0,1,0,1,0,1,3,4,91,0,0.4259,1,1,0.8076,0.07240300000000001,2,0.4059,7,589714.29,68.86,0.71,5,170000,2.23,2,30,HAA-00591,NP0164,Lumbini Hospitality Pvt. Ltd.,Tourism & Hotels,Karnali,1
0.5978,0.2,1.695,14517.0,0,0,0,0,1,0,0,0,1,0,1,2,231,0,0.12,2,2,0.5978,0.10452,0,0.2136,3,1022333.33,14.33,0.0,0,871000,5.21,1,60,HAA-00592,NP0138,Prabhu Capital Ltd.,Banking & Finance,Koshi,0
0.323,0.0,0.285,16633.0,0,0,1,0,0,0,0,0,0,1,4,1,13,0,0.1917,2,1,0.0,0.0956583,0,0.1029,7,654000.0,12.29,0.0,0,499000,3.33,0,30,HAA-00593,NP0101,Tamor Power Pvt. Ltd.,Hydropower,Lumbini,0
0.3,0.2,0.151,2400.0,0,0,0,0,1,1,0,0,1,0,1,2,248,1,0.3615,2,1,0.3,0.039042,0,0.2023,9,834333.33,49.67,0.33,3,108000,5.59,1,45,HAA-00594,NP0152,Annapurna Merchandise Pvt. Ltd.,Trading & Import,Koshi,0
0.3133,0.4,0.204,9567.0,0,0,0,1,0,1,0,0,0,1,2,2,220,1,0.4579,0,1,0.6266,0.1314173,0,0.3942,7,629857.14,76.86,0.86,6,287000,0.46,2,30,HAA-00595,NP0192,Kathmandu Nirman Pvt. Ltd.,Construction,Gandaki,1
0.5421,0.0,0.677,5800.0,0,0,1,0,0,0,0,1,0,1,3,4,78,0,0.12,1,1,0.0,0.04176,0,0.2324,4,528250.0,22.75,0.25,1,348000,1.27,0,60,HAA-00596,NP0177,Prabhu Capital Ltd.,Banking & Finance,Gandaki,0
0.3393,0.8,1.14,13567.0,0,1,0,0,0,1,0,1,0,0,3,4,72,1,0.3615,1,2,1.3572,0.294261,4,0.5202,12,652083.33,49.58,0.42,5,814000,1.36,4,60,HAA-00597,NP0099,Himalayan Traders Pvt. Ltd.,Trading & Import,Madhesh,1
0.3421,0.0,0.253,2167.0,0,0,1,0,0,0,0,1,0,0,3,4,49,0,0.12,1,1,0.0,0.0156,0,0.1924,4,902250.0,10.0,0.0,0,130000,1.91,0,60,HAA-00598,NP0036,Goodwill Finance Co.,Banking & Finance,Koshi,0
0.2723,0.4,0.163,2133.0,0,0,0,0,0,0,0,0,0,1,1,1,294,0,0.1977,2,0,0.5446,0.012652799999999999,0,0.234,7,599571.43,17.43,0.14,1,64000,4.27,2,30,HAA-00599,NP0096,Nepal Data Solutions,Services & IT,Madhesh,0
0.4086,0.4,1.618,19250.0,0,0,0,0,1,1,0,0,0,1,4,1,0,0,0.3615,3,2,0.8172,0.4175325,0,0.294,9,834333.33,49.67,0.33,3,1155000,6.83,2,60,HAA-00600,NP0152,Annapurna Merchandise Pvt. Ltd.,Trading & Import,Madhesh,0
0.4118,0.2,1.426,24433.0,0,0,0,0,1,0,0,0,0,0,3,3,140,0,0.12,3,2,0.4118,0.08796,0,0.1764,8,851375.0,78.5,0.62,5,733000,8.17,1,30,HAA-00601,NP0151,Kumari Bank Ltd.,Banking & Finance,Karnali,1
0.3283,0.6,1.334,41733.0,0,1,0,0,1,1,1,0,0,0,3,3,147,0,0.4579,3,2,0.9848999999999999,0.8599361999999999,0,0.3672,13,810153.85,39.08,0.31,4,1878000,7.56,3,45,HAA-00602,NP0190,Nepal Infrastructure Pvt. Ltd.,Construction,Koshi,0
0.3243,0.4,1.762,12511.0,0,0,0,0,0,1,0,0,0,0,1,1,0,1,0.4259,1,2,0.6486,0.2397817,0,0.29,4,415250.0,27.5,0.25,1,563000,1.97,2,45,HAA-00603,NP0037,Thamel Tourism Pvt. Ltd.,Tourism & Hotels,Gandaki,0
0.3742,0.6,1.245,29633.0,0,1,0,0,0,1,0,1,0,0,4,4,64,0,0.3615,2,2,1.1225999999999998,0.3213735,3,0.4571,7,390571.43,39.43,0.29,2,889000,4.11,3,30,HAA-00604,NP0012,Annapurna Merchandise Pvt. Ltd.,Trading & Import,Bagmati,1
0.3834,0.4,0.311,3700.0,0,0,0,0,0,1,0,0,1,1,1,2,261,1,0.3615,1,1,0.7668,0.080253,0,0.289,10,918900.0,42.9,0.3,3,222000,1.99,2,60,HAA-00605,NP0113,Annapurna Merchandise Pvt. Ltd.,Trading & Import,Koshi,1
0.3654,0.2,0.803,10500.0,0,0,0,0,0,0,0,1,0,0,4,4,58,1,0.1977,1,1,0.3654,0.0622755,1,0.2826,4,1230250.0,43.5,0.25,1,315000,2.56,1,30,HAA-00606,NP0183,CloudNepal Pvt. Ltd.,Services & IT,Bagmati,0
0.2738,0.4,1.241,6978.0,0,0,0,0,0,1,0,0,1,1,1,2,285,0,0.2553,2,1,0.5476,0.0801642,0,0.2458,4,583250.0,32.5,0.25,1,314000,4.66,2,45,HAA-00607,NP0013,Koshi Farms Ltd.,Agriculture,Bagmati,0
0.3769,0.4,0.553,17289.0,0,0,0,0,0,1,0,0,0,1,1,1,309,0,0.4579,0,2,0.7538,0.3562462,0,0.307,4,819250.0,32.5,0.25,1,778000,0.85,2,45,HAA-00608,NP0023,Kathmandu Nirman Pvt. Ltd.,Construction,Bagmati,0
0.2598,0.4,1.408,10000.0,0,0,0,0,0,1,0,0,0,1,2,3,172,0,0.4259,1,1,0.5196,0.191655,0,0.2771,12,652083.33,49.58,0.42,5,450000,2.16,2,45,HAA-00609,NP0099,Lumbini Hospitality Pvt. Ltd.,Tourism & Hotels,Madhesh,0
0.3622,0.6,0.218,5300.0,0,1,0,0,1,0,0,0,0,0,1,1,0,0,0.2708,3,1,1.0866,0.0430572,0,0.3366,4,1048500.0,59.75,0.5,2,159000,8.43,3,30,HAA-00610,NP0105,Biratnagar Textile Mills,Manufacturing,Madhesh,0
0.2582,0.2,0.735,17900.0,0,0,0,0,0,0,0,0,1,1,1,2,271,0,0.2708,2,2,0.2582,0.1454196,0,0.1758,6,820666.67,29.0,0.17,1,537000,4.33,1,30,HAA-00611,NP0030,Butwal Steel Industries,Manufacturing,Lumbini,0
0.2792,0.2,1.0,29150.0,0,0,0,0,0,0,1,1,0,0,3,4,59,1,0.1917,2,2,0.2792,0.33528330000000006,1,0.2642,4,839750.0,94.0,1.0,4,1749000,4.15,1,60,HAA-00612,NP0017,Upper Karnali Hydro Pvt. Ltd.,Hydropower,Gandaki,1
0.4156,0.6,1.139,27100.0,0,1,0,1,0,1,0,0,1,1,1,2,271,0,0.3615,0,2,1.2468000000000001,0.2938995,0,0.4654,10,918900.0,42.9,0.3,3,813000,0.38,3,30,HAA-00613,NP0113,Nepal Trade House,Trading & Import,Lumbini,1
0.2733,0.2,1.045,17900.0,0,0,0,0,0,0,0,1,0,0,4,4,70,0,0.12,1,2,0.2733,0.06444,1,0.2487,6,907166.67,43.17,0.33,2,537000,2.41,1,30,HAA-00614,NP0062,Prabhu Capital Ltd.,Banking & Finance,Lumbini,0
0.5633,0.4,1.231,71767.0,0,0,0,0,1,0,1,0,0,0,3,3,150,1,0.1917,3,3,1.1266,0.41273010000000004,0,0.291,6,739333.33,8.33,0.0,0,2153000,7.83,2,30,HAA-00615,NP0084,Upper Karnali Hydro Pvt. Ltd.,Hydropower,Gandaki,0
0.2623,0.6,0.156,2667.0,0,1,0,0,0,0,0,1,0,1,3,4,86,1,0.12,1,0,0.7868999999999999,0.0096,3,0.3865,4,1043750.0,42.25,0.5,2,80000,1.69,3,30,HAA-00616,NP0112,Kumari Bank Ltd.,Banking & Finance,Gandaki,0
0.3248,0.2,0.303,8833.0,0,0,0,0,0,0,0,0,1,0,1,2,230,0,0.1917,2,2,0.3248,0.10160100000000001,0,0.1733,8,897375.0,33.5,0.25,2,530000,3.88,1,60,HAA-00617,NP0086,Marsyangdi Energy Pvt. Ltd.,Hydropower,Gandaki,0
0.6111,0.2,1.51,35933.0,0,0,0,1,0,1,0,1,0,0,4,4,62,0,0.3615,0,2,0.6111,0.389697,1,0.4645,5,973800.0,87.2,0.6,3,1078000,0.38,1,30,HAA-00618,NP0141,Annapurna Merchandise Pvt. Ltd.,Trading & Import,Lumbini,0
0.3215,0.0,1.217,19311.0,0,0,1,0,0,1,0,0,0,0,1,1,0,0,0.3615,2,2,0.0,0.31414349999999996,0,0.1366,6,696166.67,5.83,0.0,0,869000,4.44,0,45,HAA-00619,NP0187,Nepal Trade House,Trading & Import,Lumbini,0
0.2543,0.6,0.372,3967.0,0,1,0,1,0,1,0,1,0,1,3,4,92,0,0.4259,0,1,0.7629000000000001,0.0506821,3,0.546,4,466250.0,30.0,0.25,1,119000,0.43,3,30,HAA-00620,NP0019,Lumbini Hospitality Pvt. Ltd.,Tourism & Hotels,Gandaki,1
0.5972,0.4,1.526,19967.0,0,0,0,0,1,0,0,0,0,0,3,3,154,0,0.1977,3,2,1.1944,0.1184223,0,0.299,4,528250.0,22.75,0.25,1,599000,7.42,2,30,HAA-00621,NP0177,CloudNepal Pvt. Ltd.,Services & IT,Karnali,0
0.3465,0.2,0.527,12533.0,0,0,0,0,1,1,0,0,0,1,4,1,0,0,0.3615,3,1,0.3465,0.135924,0,0.2116,4,1110250.0,38.0,0.25,1,376000,7.47,1,30,HAA-00622,NP0100,Himalayan Traders Pvt. Ltd.,Trading & Import,Bagmati,0
0.2968,0.0,0.932,12200.0,0,0,1,0,1,0,0,0,0,0,1,1,329,0,0.1977,3,1,0.0,0.0723582,0,0.0989,5,546800.0,37.0,0.2,1,366000,7.14,0,30,HAA-00623,NP0140,Digital Yatra Pvt. Ltd.,Services & IT,Bagmati,0
0.2836,0.0,0.439,10700.0,0,0,1,0,0,0,0,1,0,0,4,4,68,0,0.2708,1,1,0.0,0.0869268,0,0.2109,6,489833.33,55.5,0.5,3,321000,2.73,0,30,HAA-00624,NP0189,Biratnagar Textile Mills,Manufacturing,Gandaki,0
0.3945,0.2,1.251,14289.0,0,0,0,0,1,0,0,0,0,1,4,1,0,1,0.12,3,2,0.3945,0.07715999999999999,0,0.1729,9,907777.78,17.22,0.11,1,643000,7.58,1,45,HAA-00625,NP0147,Goodwill Finance Co.,Banking & Finance,Bagmati,0
0.4974,0.0,1.183,68967.0,0,0,1,0,0,0,1,0,0,1,1,1,312,0,0.1917,2,3,0.0,0.3966273,0,0.1378,3,1438333.33,28.67,0.33,1,2069000,5.0,0,30,HAA-00626,NP0076,Tamor Power Pvt. Ltd.,Hydropower,Gandaki,1
0.6224,0.0,0.475,8133.0,0,0,1,0,0,0,0,0,0,1,2,3,170,1,0.12,2,1,0.0,0.029279999999999997,0,0.1485,5,535200.0,49.2,0.4,2,244000,3.52,0,30,HAA-00627,NP0009,Prabhu Capital Ltd.,Banking & Finance,Bagmati,1
0.3391,0.0,1.49,25533.0,0,0,1,0,1,0,0,0,1,1,1,2,260,0,0.12,2,2,0.0,0.09192,0,0.0918,3,851666.67,10.0,0.0,0,766000,5.72,0,30,HAA-00628,NP0199,NMB Finance,Banking & Finance,Gandaki,0
0.38,0.6,0.776,18467.0,0,1,0,1,0,1,0,0,0,1,3,3,128,1,0.3615,0,2,1.1400000000000001,0.200271,0,0.4583,7,751285.71,66.57,0.57,4,554000,0.36,3,30,HAA-00629,NP0028,Annapurna Merchandise Pvt. Ltd.,Trading & Import,Bagmati,0
0.2582,0.4,0.606,7217.0,0,0,0,0,0,1,0,1,0,0,3,4,67,0,0.3615,1,1,0.5164,0.1565295,2,0.3639,8,625000.0,22.75,0.12,1,433000,1.5,2,60,HAA-00630,NP0128,Nepal Trade House,Trading & Import,Koshi,0
0.6062,0.2,0.4,3489.0,0,0,0,0,1,0,0,0,0,1,2,2,209,0,0.1977,3,1,0.6062,0.031038899999999998,0,0.2308,6,731500.0,9.5,0.0,0,157000,6.75,1,45,HAA-00631,NP0052,Digital Yatra Pvt. Ltd.,Services & IT,Gandaki,0
0.3115,0.2,0.545,4600.0,0,0,0,0,0,1,0,0,0,1,2,3,167,0,0.2553,1,1,0.3115,0.03523140000000001,0,0.1834,3,1035333.33,80.67,0.67,2,138000,2.39,1,30,HAA-00632,NP0083,Koshi Farms Ltd.,Agriculture,Bagmati,1
0.6404,0.4,0.182,4333.0,0,0,0,0,1,1,0,0,1,0,2,2,233,1,0.3615,2,1,1.2808,0.046995,0,0.3404,5,587800.0,52.4,0.4,2,130000,5.48,2,30,HAA-00633,NP0111,Nepal Trade House,Trading & Import,Koshi,1
0.5186,0.4,1.0,23467.0,0,0,0,0,0,1,0,0,0,1,2,3,170,1,0.4579,2,2,1.0372,0.6447231999999999,0,0.3353,9,871555.56,15.78,0.11,1,1408000,3.62,2,60,HAA-00634,NP0144,Nepal Infrastructure Pvt. Ltd.,Construction,Bagmati,1
0.3796,0.6,1.526,19967.0,0,1,0,0,1,0,0,0,1,1,1,2,276,1,0.1977,3,2,1.1388,0.1184223,0,0.3255,8,628000.0,21.5,0.25,2,599000,7.73,3,30,HAA-00635,NP0117,Nepal Data Solutions,Services & IT,Madhesh,1
0.3792,0.0,1.047,6850.0,0,0,1,0,1,0,0,0,0,0,4,1,0,1,0.1977,3,1,0.0,0.08125469999999999,0,0.1154,7,959571.43,12.57,0.0,0,411000,8.58,0,60,HAA-00636,NP0069,Digital Yatra Pvt. Ltd.,Services & IT,Sudurpashchim,0
0.3109,0.0,0.474,4000.0,0,0,1,0,1,1,0,0,0,0,1,1,331,1,0.2553,3,1,0.0,0.030636000000000004,0,0.1132,12,652083.33,49.58,0.42,5,120000,7.98,0,30,HAA-00637,NP0099,Koshi Farms Ltd.,Agriculture,Bagmati,0
0.2647,0.8,0.188,4417.0,0,1,0,0,0,1,0,0,0,0,4,1,0,1,0.4579,1,1,1.0588,0.12134349999999999,0,0.4245,5,546800.0,37.0,0.2,1,265000,2.62,4,60,HAA-00638,NP0140,Nepal Infrastructure Pvt. Ltd.,Construction,Sudurpashchim,1
0.323,0.4,0.557,2967.0,0,0,0,0,0,1,0,1,0,1,3,4,96,0,0.4259,1,1,0.646,0.0758102,2,0.3898,2,620000.0,74.0,0.5,1,178000,1.95,2,60,HAA-00639,NP0025,Pokhara Resort & Spa,Tourism & Hotels,Koshi,1
0.2575,0.4,0.793,30822.0,0,0,0,0,0,0,0,0,0,1,2,2,198,1,0.1917,2,2,0.515,0.2658879,0,0.2298,5,931400.0,26.6,0.2,1,1387000,4.4,2,45,HAA-00640,NP0180,Upper Karnali Hydro Pvt. Ltd.,Hydropower,Sudurpashchim,0
0.27,0.0,1.327,77367.0,0,0,1,1,0,0,1,1,0,0,4,4,71,0,0.1917,0,3,0.0,0.44493570000000005,0,0.2923,4,1481750.0,50.0,0.5,2,2321000,0.31,0,30,HAA-00641,NP0123,Upper Karnali Hydro Pvt. Ltd.,Hydropower,Lumbini,0
0.3378,0.6,0.416,19533.0,0,1,0,1,0,1,0,0,0,0,3,3,149,1,0.4579,0,2,1.0133999999999999,0.2683294,0,0.4691,8,489250.0,68.0,0.75,6,586000,0.48,3,30,HAA-00642,NP0053,Bhaktapur Builders,Construction,Bagmati,0
0.279,0.6,1.202,56400.0,0,1,0,0,1,1,1,0,0,0,3,3,152,0,0.4579,2,2,0.8370000000000001,0.7747668,0,0.3574,8,851375.0,78.5,0.62,5,1692000,5.09,3,30,HAA-00643,NP0151,Bhaktapur Builders,Construction,Madhesh,0
0.3219,0.0,1.507,35867.0,0,0,1,0,0,1,0,0,0,1,1,1,294,0,0.3615,2,2,0.0,0.388974,0,0.1367,9,871555.56,15.78,0.11,1,1076000,4.8,0,30,HAA-00644,NP0144,Annapurna Merchandise Pvt. Ltd.,Trading & Import,Bagmati,0
0.5899,0.2,0.894,11700.0,0,0,0,0,1,0,0,0,0,1,2,3,192,1,0.1977,3,1,0.5899,0.06939269999999999,0,0.2275,3,1106000.0,30.0,0.33,1,351000,8.95,1,30,HAA-00645,NP0057,Digital Yatra Pvt. Ltd.,Services & IT,Bagmati,0
0.2984,0.6,1.352,63467.0,0,1,0,0,0,1,1,0,1,0,2,2,247,1,0.4579,1,2,0.8952,0.8718415999999999,0,0.3613,7,822142.86,49.71,0.43,3,1904000,2.02,3,30,HAA-00646,NP0039,Pokhara Construction Co.,Construction,Bagmati,1
0.5757,0.2,1.192,19356.0,0,0,0,0,0,0,0,0,0,1,1,1,314,0,0.2708,1,2,0.5757,0.2358668,0,0.2393,5,537200.0,64.4,0.6,3,871000,2.51,1,45,HAA-00647,NP0109,Nepal Cement Udyog,Manufacturing,Bagmati,0
0.3349,0.6,1.318,9356.0,0,1,0,0,0,1,0,0,0,1,2,3,188,0,0.4259,1,1,1.0047,0.1793039,0,0.3622,3,645666.67,39.67,0.33,1,421000,1.24,3,45,HAA-00648,NP0181,Pokhara Resort & Spa,Tourism & Hotels,Gandaki,0
0.307,0.2,1.14,27767.0,0,0,0,0,1,0,0,0,0,1,1,1,302,0,0.2708,3,2,0.307,0.22557639999999998,0,0.1856,3,1199000.0,6.0,0.0,0,833000,8.28,1,30,HAA-00649,NP0042,Hetauda Chemicals Pvt. Ltd.,Manufacturing,Koshi,0
0.6,0.2,0.874,20800.0,0,0,0,0,1,1,0,0,1,0,2,2,241,1,0.3615,3,2,0.6,0.225576,0,0.2623,6,1083833.33,11.33,0.0,0,624000,7.06,1,30,HAA-00650,NP0186,Annapurna Merchandise Pvt. Ltd.,Trading & Import,Sudurpashchim,0
0.4817,0.8,0.515,6133.0,0,1,0,0,1,1,0,0,1,1,1,2,271,0,0.3615,3,1,1.9268,0.13303199999999998,0,0.4486,4,1161750.0,59.5,0.5,2,368000,7.45,4,60,HAA-00651,NP0167,Annapurna Merchandise Pvt. Ltd.,Trading & Import,Bagmati,1
0.2639,0.4,0.623,14833.0,0,0,0,0,1,1,0,0,0,1,1,1,298,0,0.3615,3,1,0.5278,0.1608675,0,0.2651,5,668400.0,33.2,0.2,1,445000,8.15,2,30,HAA-00652,NP0142,Annapurna Merchandise Pvt. Ltd.,Trading & Import,Karnali,0
0.3287,0.6,0.602,9556.0,0,1,0,0,0,1,0,0,1,0,1,2,247,1,0.3615,2,1,0.9861,0.155445,0,0.348,5,1039800.0,43.2,0.4,2,430000,4.84,3,45,HAA-00653,NP0122,Himalayan Traders Pvt. Ltd.,Trading & Import,Sudurpashchim,0
0.4725,0.2,1.183,12600.0,0,0,0,0,0,1,0,0,0,0,1,1,0,0,0.4259,2,1,0.4725,0.1609902,0,0.2497,4,604000.0,5.25,0.0,0,378000,4.2,1,30,HAA-00654,NP0133,Sagarmatha Trekking Co.,Tourism & Hotels,Bagmati,0
0.3099,0.0,0.393,9567.0,0,0,1,0,0,0,0,0,0,0,1,1,334,0,0.2708,2,1,0.0,0.07771959999999999,0,0.1161,5,545600.0,24.8,0.2,1,287000,3.14,0,30,HAA-00655,NP0163,Butwal Steel Industries,Manufacturing,Gandaki,0
0.3342,0.0,1.585,37733.0,0,0,1,0,1,1,0,1,0,1,3,4,101,1,0.3615,2,2,0.0,0.40921799999999997,0,0.2391,6,564333.33,27.67,0.17,1,1132000,5.41,0,30,HAA-00656,NP0075,Annapurna Merchandise Pvt. Ltd.,Trading & Import,Madhesh,0
0.363,0.0,1.268,21733.0,0,0,1,0,0,0,0,0,1,1,1,2,283,1,0.12,2,2,0.0,0.07824,0,0.0966,5,720600.0,49.4,0.4,2,652000,4.22,0,30,HAA-00657,NP0146,Goodwill Finance Co.,Banking & Finance,Lumbini,0
0.2538,0.2,0.77,22450.0,0,0,0,0,0,0,0,0,0,0,4,1,0,1,0.1917,2,2,0.2538,0.2582199,0,0.1591,3,1438333.33,28.67,0.33,1,1347000,4.2,1,60,HAA-00658,NP0076,Upper Karnali Hydro Pvt. Ltd.,Hydropower,Koshi,0
0.3115,0.6,0.413,3600.0,0,1,0,0,1,0,0,0,1,1,1,2,285,0,0.1977,3,1,0.9345,0.0320274,0,0.3118,5,535200.0,49.2,0.4,2,162000,8.45,3,45,HAA-00659,NP0009,CloudNepal Pvt. Ltd.,Services & IT,Koshi,0
0.4103,0.2,1.482,12500.0,0,0,0,0,1,1,0,0,0,1,4,1,0,0,0.2553,3,1,0.4103,0.0957375,0,0.2031,4,874000.0,67.75,0.5,2,375000,8.86,1,30,HAA-00660,NP0074,Nepal Spices Pvt. Ltd.,Agriculture,Gandaki,0
0.2857,0.2,1.44,17133.0,0,0,0,0,1,1,0,1,0,1,3,4,82,0,0.3615,3,2,0.2857,0.371622,1,0.2994,6,1083833.33,11.33,0.0,0,1028000,7.22,1,60,HAA-00661,NP0186,Nepal Trade House,Trading & Import,Bagmati,0
0.2695,0.4,1.471,15667.0,0,0,0,0,1,1,0,0,0,0,1,1,334,0,0.4259,3,1,0.539,0.200173,0,0.2791,9,949111.11,79.89,0.67,6,470000,6.87,2,30,HAA-00662,NP0145,Pokhara Resort & Spa,Tourism & Hotels,Lumbini,1
0.5512,0.2,0.573,6817.0,0,0,0,0,1,1,0,0,0,0,4,1,0,0,0.3615,3,1,0.5512,0.1478535,0,0.2525,2,392500.0,101.5,1.0,2,409000,6.2,1,60,HAA-00663,NP0007,Nepal Trade House,Trading & Import,Bagmati,1
0.4996,0.4,0.913,11117.0,0,0,0,0,0,0,0,0,0,1,3,3,114,1,0.2708,1,2,0.9992,0.1806236,0,0.2941,2,352000.0,1.5,0.0,0,667000,1.7,2,60,HAA-00664,NP0174,Biratnagar Textile Mills,Manufacturing,Lumbini,0
0.4898,0.2,0.361,8800.0,0,0,0,0,0,0,0,0,1,0,2,2,239,0,0.2708,0,1,0.4898,0.0714912,0,0.2221,5,973800.0,87.2,0.6,3,264000,0.77,1,30,HAA-00665,NP0141,Butwal Steel Industries,Manufacturing,Madhesh,1
0.3099,0.6,0.444,10567.0,0,1,0,0,1,1,0,1,0,0,4,4,54,0,0.3615,3,1,0.9297,0.1145955,3,0.4443,4,689500.0,38.5,0.25,1,317000,6.29,3,30,HAA-00666,NP0168,Everest Imports Pvt. Ltd.,Trading & Import,Lumbini,0
0.3325,0.8,1.613,39267.0,0,1,0,0,1,0,0,0,0,1,4,1,0,1,0.2708,3,2,1.33,0.31900239999999996,0,0.4007,5,474200.0,92.4,0.8,4,1178000,6.63,4,30,HAA-00667,NP0170,Butwal Steel Industries,Manufacturing,Karnali,1
0.3281,0.2,1.269,20133.0,0,0,0,0,0,1,0,0,0,0,3,3,143,1,0.3615,0,2,0.3281,0.327519,0,0.2079,5,691200.0,12.4,0.0,0,906000,0.66,1,45,HAA-00668,NP0137,Everest Imports Pvt. Ltd.,Trading & Import,Gandaki,0
0.2596,0.4,1.078,17111.0,0,0,0,0,1,1,0,0,0,1,2,2,204,0,0.3615,3,2,0.5192,0.278355,0,0.2642,4,1027500.0,31.25,0.25,1,770000,8.37,2,45,HAA-00669,NP0178,Himalayan Traders Pvt. Ltd.,Trading & Import,Koshi,1
0.2907,0.2,1.462,34300.0,0,0,0,0,0,1,1,1,0,1,4,4,17,1,0.4579,1,3,0.2907,0.9423581999999998,1,0.3197,6,1048500.0,60.33,0.5,3,2058000,1.05,1,60,HAA-00670,NP0027,Kathmandu Nirman Pvt. Ltd.,Construction,Lumbini,0
0.5496,0.4,1.053,40911.0,0,0,0,0,0,0,1,1,0,0,3,4,71,0,0.1917,1,2,1.0992,0.3529197,2,0.3883,5,1039800.0,43.2,0.4,2,1841000,2.75,2,45,HAA-00671,NP0122,Upper Karnali Hydro Pvt. Ltd.,Hydropower,Karnali,1
0.4222,0.2,1.032,25133.0,0,0,0,0,1,0,0,0,0,1,4,1,10,1,0.2708,3,2,0.4222,0.20418319999999998,0,0.2086,5,1583200.0,5.4,0.0,0,754000,6.13,1,30,HAA-00672,NP0194,Nepal Cement Udyog,Manufacturing,Koshi,0
0.3864,0.8,0.782,8333.0,0,1,0,0,0,1,0,1,0,1,3,4,82,0,0.4259,1,1,1.5456,0.106475,4,0.5425,5,1034000.0,8.2,0.0,0,250000,1.74,4,30,HAA-00673,NP0005,Sagarmatha Trekking Co.,Tourism & Hotels,Bagmati,0
0.4018,0.0,1.569,8822.0,0,0,1,0,0,1,0,0,1,0,2,2,231,0,0.2553,0,1,0.0,0.10135410000000002,0,0.1314,5,1434800.0,33.4,0.2,1,397000,0.73,0,45,HAA-00674,NP0029,Nepal Spices Pvt. Ltd.,Agriculture,Karnali,0
0.3153,0.8,0.277,6600.0,0,1,0,0,0,1,0,0,0,1,4,1,0,0,0.3615,2,1,1.2612,0.071577,0,0.4154,3,266000.0,13.0,0.0,0,198000,3.15,4,30,HAA-00675,NP0165,Nepal Trade House,Trading & Import,Lumbini,0
0.2681,0.0,1.847,13111.0,0,0,1,0,1,1,0,0,1,1,1,2,281,0,0.4259,3,2,0.0,0.251281,0,0.1388,5,716400.0,44.6,0.4,2,590000,6.95,0,45,HAA-00676,NP0166,Pokhara Resort & Spa,Tourism & Hotels,Bagmati,1
0.4414,0.4,1.36,63833.0,0,0,0,0,0,1,1,0,1,0,2,2,237,0,0.4579,2,2,0.8828,0.8768785,0,0.3199,3,1035333.33,80.67,0.67,2,1915000,3.87,2,30,HAA-00677,NP0083,Bhaktapur Builders,Construction,Lumbini,1
0.3472,0.4,0.348,20267.0,0,0,0,0,1,0,0,0,0,0,3,3,145,0,0.1917,2,2,0.6944,0.11655360000000001,0,0.2478,5,562200.0,35.8,0.2,1,608000,5.96,2,30,HAA-00678,NP0136,Upper Karnali Hydro Pvt. Ltd.,Hydropower,Madhesh,0
0.2878,0.2,1.0,8433.0,0,0,0,0,1,1,0,0,0,1,3,3,128,1,0.2553,2,1,0.2878,0.0645909,0,0.1786,5,537200.0,64.4,0.6,3,253000,5.32,1,30,HAA-00679,NP0109,Bagmati Agri Export,Agriculture,Lumbini,1
0.3937,0.6,1.418,44378.0,0,1,0,1,0,1,1,0,0,1,1,1,314,0,0.4579,0,2,1.1811,0.9144263,0,0.4803,5,1327800.0,25.0,0.2,1,1997000,0.44,3,45,HAA-00680,NP0065,Pokhara Construction Co.,Construction,Gandaki,0
0.5207,0.6,0.983,46133.0,0,1,0,0,1,1,0,1,0,0,4,4,50,0,0.4579,3,2,1.5621,0.6337335999999999,3,0.5057,8,897375.0,33.5,0.25,2,1384000,8.9,3,30,HAA-00681,NP0086,Nepal Infrastructure Pvt. Ltd.,Construction,Madhesh,1
0.3721,0.2,1.479,46267.0,0,0,0,0,0,1,1,0,0,1,2,3,188,0,0.4579,0,3,0.3721,0.9533477999999999,0,0.236,9,949111.11,79.89,0.67,6,2082000,0.61,1,45,HAA-00682,NP0145,Pokhara Construction Co.,Construction,Koshi,1
0.6104,0.4,1.573,13267.0,0,0,0,0,1,1,0,0,0,1,2,3,186,0,0.2553,3,1,1.2208,0.10160940000000002,0,0.3131,3,406333.33,12.0,0.0,0,398000,8.72,2,30,HAA-00683,NP0071,Nepal Spices Pvt. Ltd.,Agriculture,Lumbini,0
0.2594,0.4,0.841,7333.0,0,0,0,0,1,0,0,1,0,1,4,4,24,1,0.1977,2,1,0.5188,0.065241,2,0.3314,3,800000.0,8.33,0.0,0,330000,5.06,2,45,HAA-00684,NP0045,Kathmandu Tech Hub,Services & IT,Bagmati,0
0.5929,0.4,0.696,21778.0,0,0,0,0,1,1,0,0,0,1,2,3,181,0,0.4579,3,2,1.1858,0.448742,0,0.3502,5,808000.0,56.4,0.4,2,980000,8.68,2,45,HAA-00685,NP0132,Kathmandu Nirman Pvt. Ltd.,Construction,Bagmati,1
0.3852,0.4,1.522,71433.0,0,0,0,0,0,1,1,0,0,1,1,1,317,1,0.4579,1,3,0.7704,0.9812796999999999,0,0.3086,4,902250.0,10.0,0.0,0,2143000,1.25,2,30,HAA-00686,NP0036,Kathmandu Nirman Pvt. Ltd.,Construction,Koshi,0
0.354,0.4,1.206,19133.0,0,0,0,0,0,1,0,0,1,0,1,2,255,1,0.3615,2,2,0.708,0.31125149999999996,0,0.2831,3,792666.67,50.33,0.33,1,861000,4.54,2,45,HAA-00687,NP0070,Annapurna Merchandise Pvt. Ltd.,Trading & Import,Madhesh,1
0.2524,0.4,0.329,7833.0,0,0,0,0,0,1,0,0,0,1,4,1,0,0,0.3615,1,1,0.5048,0.08495249999999999,0,0.2628,3,734333.33,54.0,0.33,1,235000,1.73,2,30,HAA-00688,NP0159,Nepal Trade House,Trading & Import,Bagmati,1
0.5229,0.4,0.251,6100.0,0,0,0,0,0,0,0,0,0,1,1,1,309,0,0.2708,0,1,1.0458,0.049556399999999994,0,0.2987,4,466250.0,30.0,0.25,1,183000,0.7,2,30,HAA-00689,NP0019,Butwal Steel Industries,Manufacturing,Gandaki,0
0.56,0.2,1.032,24567.0,0,0,0,0,1,1,0,0,0,1,2,2,205,1,0.3615,2,2,0.56,0.2664255,0,0.2543,6,489833.33,55.5,0.5,3,737000,5.65,1,30,HAA-00690,NP0189,Annapurna Merchandise Pvt. Ltd.,Trading & Import,Bagmati,0
0.657,0.0,1.847,13111.0,0,0,1,0,0,1,0,0,0,1,3,3,136,1,0.4259,1,2,0.0,0.251281,0,0.2166,4,896750.0,101.25,0.75,3,590000,2.07,0,45,HAA-00691,NP0108,Lumbini Hospitality Pvt. Ltd.,Tourism & Hotels,Koshi,1
0.5295,0.0,1.472,17517.0,0,0,1,0,1,1,0,0,0,1,3,3,124,0,0.3615,2,2,0.0,0.37993649999999995,0,0.1782,3,1055000.0,6.67,0.0,0,1051000,5.39,0,60,HAA-00692,NP0182,Annapurna Merchandise Pvt. Ltd.,Trading & Import,Bagmati,0
0.4955,0.0,1.197,46511.0,0,0,1,0,0,0,1,0,0,0,1,1,318,1,0.1917,1,3,0.0,0.40122810000000003,0,0.1374,4,1161750.0,59.5,0.5,2,2093000,1.23,0,45,HAA-00693,NP0167,Tamor Power Pvt. Ltd.,Hydropower,Bagmati,0
0.3252,0.2,0.362,4133.0,0,0,0,0,0,0,0,0,0,0,3,3,137,0,0.12,2,1,0.3252,0.02232,0,0.159,2,730000.0,12.0,0.0,0,186000,3.15,1,45,HAA-00694,NP0091,Prabhu Capital Ltd.,Banking & Finance,Bagmati,0
0.488,0.2,0.568,4956.0,0,0,0,0,1,0,0,0,0,1,2,3,179,0,0.1977,3,1,0.488,0.0440871,0,0.2071,9,613555.56,41.0,0.33,3,223000,7.09,1,45,HAA-00695,NP0090,Kathmandu Tech Hub,Services & IT,Lumbini,0
0.6445,0.4,1.521,36200.0,0,0,0,0,0,1,0,0,0,0,1,1,0,0,0.3615,2,2,1.289,0.392589,0,0.3412,4,466250.0,30.0,0.25,1,1086000,4.07,2,30,HAA-00696,NP0019,Nepal Trade House,Trading & Import,Gandaki,0
0.2803,0.2,0.509,6200.0,0,0,0,0,1,0,0,0,1,0,1,2,246,0,0.2708,2,1,0.2803,0.1007376,0,0.1802,7,822142.86,49.71,0.43,3,372000,5.74,1,60,HAA-00697,NP0039,Biratnagar Textile Mills,Manufacturing,Bagmati,0
0.4139,0.0,0.606,7933.0,0,0,1,0,1,0,0,0,0,1,2,2,205,1,0.1977,2,1,0.0,0.04705259999999999,0,0.1223,5,799800.0,30.0,0.2,1,238000,5.92,0,30,HAA-00698,NP0126,Digital Yatra Pvt. Ltd.,Services & IT,Sudurpashchim,0
0.4195,0.2,0.35,4167.0,0,0,0,0,1,1,0,0,0,0,2,3,151,0,0.3615,3,1,0.4195,0.090375,0,0.2262,4,914000.0,8.0,0.0,0,250000,7.63,1,60,HAA-00699,NP0195,Everest Imports Pvt. Ltd.,Trading & Import,Bagmati,0
0.4432,0.2,1.198,13689.0,0,0,0,0,0,0,0,0,0,1,2,3,177,1,0.12,2,2,0.4432,0.07392,0,0.1826,5,678000.0,18.4,0.2,1,616000,3.09,1,45,HAA-00700,NP0173,Prabhu Capital Ltd.,Banking & Finance,Gandaki,0
0.2539,0.2,1.614,62733.0,0,0,0,0,1,0,1,1,0,1,3,4,76,0,0.1917,3,3,0.2539,0.5411691000000001,1,0.2591,5,973800.0,87.2,0.6,3,2823000,6.26,1,45,HAA-00701,NP0141,Upper Karnali Hydro Pvt. Ltd.,Hydropower,Sudurpashchim,1
0.5195,0.4,0.564,21933.0,0,0,0,0,1,0,0,0,1,0,2,2,241,1,0.1917,3,2,1.039,0.1892079,0,0.2822,5,799800.0,30.0,0.2,1,987000,8.66,2,45,HAA-00702,NP0126,Upper Karnali Hydro Pvt. Ltd.,Hydropower,Gandaki,0
0.2671,0.4,0.866,7300.0,0,0,0,0,1,1,0,0,1,0,2,2,254,1,0.2553,3,1,0.5342,0.05591070000000001,0,0.2445,9,710222.22,52.78,0.33,3,219000,6.64,2,30,HAA-00703,NP0058,Bagmati Agri Export,Agriculture,Lumbini,0
0.2906,0.4,1.141,18111.0,0,0,0,0,0,1,0,1,0,0,4,4,53,0,0.3615,2,2,0.5812,0.29462249999999995,2,0.3704,5,801600.0,38.4,0.2,1,815000,4.54,2,45,HAA-00704,NP0148,Nepal Trade House,Trading & Import,Bagmati,0
0.5913,0.4,1.615,75800.0,0,0,0,0,1,1,1,0,0,0,3,3,152,0,0.4579,2,3,1.1826,1.0412645999999999,0,0.3498,5,1188600.0,81.8,0.8,4,2274000,5.77,2,30,HAA-00705,NP0200,Bhaktapur Builders,Construction,Koshi,1
0.252,0.4,0.309,3533.0,0,0,0,0,1,0,0,0,0,1,2,3,168,0,0.12,3,1,0.504,0.01908,0,0.2144,3,672666.67,35.33,0.33,1,159000,6.72,2,45,HAA-00706,NP0061,Goodwill Finance Co.,Banking & Finance,Gandaki,0
0.4591,0.6,0.929,14733.0,0,1,0,0,1,1,0,0,1,1,1,2,258,0,0.3615,2,2,1.3773,0.2396745,0,0.3741,3,684000.0,12.0,0.0,0,663000,5.61,3,45,HAA-00707,NP0127,Everest Imports Pvt. Ltd.,Trading & Import,Madhesh,0
0.5727,1.0,0.707,16600.0,0,1,0,1,0,1,0,0,1,0,1,2,236,0,0.4579,0,2,2.8635,0.4560684,0,0.6561,4,1048500.0,59.75,0.5,2,996000,0.4,5,60,HAA-00708,NP0105,Kathmandu Nirman Pvt. Ltd.,Construction,Bagmati,1
0.2798,0.4,1.455,8178.0,0,0,0,0,0,1,0,0,0,1,1,1,316,0,0.2553,1,1,0.5596,0.0939504,0,0.247,4,1161750.0,59.5,0.5,2,368000,1.95,2,45,HAA-00709,NP0167,Nepal Spices Pvt. Ltd.,Agriculture,Gandaki,0
0.3061,0.4,0.894,21267.0,0,0,0,0,1,1,0,0,0,1,1,1,301,0,0.3615,3,2,0.6122,0.230637,0,0.2735,6,493666.67,56.67,0.5,3,638000,7.34,2,30,HAA-00710,NP0001,Everest Imports Pvt. Ltd.,Trading & Import,Koshi,0
0.3283,0.4,0.334,4367.0,0,0,0,0,0,0,0,0,0,1,3,3,131,0,0.1977,1,1,0.6566,0.0258987,0,0.2452,6,592666.67,26.5,0.17,1,131000,2.64,2,30,HAA-00711,NP0131,Digital Yatra Pvt. Ltd.,Services & IT,Karnali,0
0.5292,0.2,1.34,21756.0,0,0,0,0,1,0,0,0,0,1,4,1,0,0,0.2708,3,2,0.5292,0.2651132,0,0.23,7,800428.57,47.29,0.29,2,979000,6.65,1,45,HAA-00712,NP0092,Nepal Cement Udyog,Manufacturing,Bagmati,1
0.3709,0.6,1.591,38733.0,0,1,0,0,0,0,0,0,1,0,2,2,230,0,0.2708,2,2,1.1127,0.31466959999999994,0,0.3383,13,810153.85,39.08,0.31,4,1162000,3.51,3,30,HAA-00713,NP0190,Butwal Steel Industries,Manufacturing,Madhesh,0
0.2895,0.6,0.178,4333.0,0,1,0,0,0,0,0,0,0,1,2,2,215,0,0.2708,2,1,0.8684999999999999,0.035204,0,0.3221,7,646714.29,54.14,0.43,3,130000,4.82,3,30,HAA-00714,NP0191,Biratnagar Textile Mills,Manufacturing,Bagmati,0
0.4427,0.0,1.481,43183.0,0,0,1,0,0,0,1,0,1,1,1,2,262,1,0.1917,0,3,0.0,0.49669470000000004,0,0.1269,10,918900.0,42.9,0.3,3,2591000,0.84,0,60,HAA-00715,NP0113,Seti River Power Co.,Hydropower,Lumbini,0
0.4387,0.4,0.456,3978.0,0,0,0,0,0,0,0,0,0,1,2,3,178,1,0.1977,1,1,0.8774,0.0353883,0,0.2673,5,536800.0,23.6,0.2,1,179000,1.84,2,45,HAA-00716,NP0153,Digital Yatra Pvt. Ltd.,Services & IT,Bagmati,0
0.6629,0.0,1.052,9178.0,0,0,1,0,1,0,0,0,0,1,1,1,306,0,0.1977,3,1,0.0,0.08165009999999999,0,0.1721,2,344500.0,53.5,0.5,1,413000,8.63,0,45,HAA-00717,NP0056,Nepal Data Solutions,Services & IT,Lumbini,0
0.5166,0.0,0.938,22833.0,0,0,1,0,1,0,0,0,0,1,4,1,0,0,0.2708,3,2,0.0,0.185498,0,0.1575,11,1313545.45,69.09,0.64,7,685000,8.04,0,30,HAA-00718,NP0161,Nepal Cement Udyog,Manufacturing,Gandaki,1
0.2711,0.0,1.267,14467.0,0,0,1,0,1,0,0,1,0,0,3,4,74,0,0.12,2,2,0.0,0.07812,0,0.1782,5,716400.0,44.6,0.4,2,651000,5.96,0,45,HAA-00719,NP0166,Kumari Bank Ltd.,Banking & Finance,Bagmati,0
0.3839,0.0,0.856,20833.0,0,0,1,0,0,0,0,0,0,0,1,1,0,0,0.2708,2,2,0.0,0.16924999999999998,0,0.1309,8,628000.0,21.5,0.25,2,625000,4.27,0,30,HAA-00720,NP0117,Butwal Steel Industries,Manufacturing,Bagmati,0
0.2525,0.6,1.737,12333.0,0,1,0,0,1,1,0,0,0,1,4,1,0,0,0.4259,3,2,0.7575000000000001,0.23637450000000002,0,0.3457,4,442500.0,54.75,0.5,2,555000,6.16,3,45,HAA-00721,NP0134,Thamel Tourism Pvt. Ltd.,Tourism & Hotels,Bagmati,0
0.4017,0.8,1.217,57133.0,0,1,0,0,1,1,1,0,0,0,3,3,162,0,0.4579,2,2,1.6068,0.7848405999999999,0,0.4519,9,710222.22,52.78,0.33,3,1714000,5.66,4,30,HAA-00722,NP0058,Nepal Infrastructure Pvt. Ltd.,Construction,Sudurpashchim,1
0.3041,0.2,1.365,16617.0,0,0,0,0,1,0,0,0,0,1,3,3,115,1,0.2708,2,2,0.3041,0.2699876,0,0.185,4,562500.0,13.0,0.0,0,997000,5.22,1,60,HAA-00723,NP0044,Nepal Cement Udyog,Manufacturing,Karnali,0
0.4535,0.0,1.637,39867.0,0,0,1,0,0,0,0,0,1,1,1,2,265,0,0.2708,0,2,0.0,0.32387679999999996,0,0.1449,5,678000.0,18.4,0.2,1,1196000,0.77,0,30,HAA-00724,NP0173,Butwal Steel Industries,Manufacturing,Koshi,0
0.4149,0.0,1.319,22600.0,0,0,1,0,1,0,0,0,0,1,2,3,166,0,0.12,2,2,0.0,0.08136,0,0.107,8,879250.0,26.0,0.25,2,678000,5.79,0,30,HAA-00725,NP0160,NMB Finance,Banking & Finance,Bagmati,0
0.5068,0.2,0.235,1667.0,0,0,0,0,1,1,0,0,0,1,4,1,0,0,0.4259,3,0,0.5068,0.0319425,0,0.2565,5,678000.0,18.4,0.2,1,75000,6.98,1,45,HAA-00726,NP0173,Sagarmatha Trekking Co.,Tourism & Hotels,Gandaki,1
0.4224,0.4,0.766,12156.0,0,0,0,0,1,1,0,0,0,1,1,1,301,0,0.3615,3,2,0.8448,0.1977405,0,0.2968,3,672666.67,35.33,0.33,1,547000,8.95,2,45,HAA-00727,NP0061,Nepal Trade House,Trading & Import,Koshi,1
0.3486,0.2,1.608,38267.0,0,0,0,1,0,1,0,1,0,1,4,4,19,0,0.3615,0,2,0.3486,0.4150019999999999,1,0.412,6,782166.67,39.83,0.33,2,1148000,0.35,1,30,HAA-00728,NP0047,Himalayan Traders Pvt. Ltd.,Trading & Import,Karnali,1
0.2515,0.6,0.394,2800.0,0,1,0,0,1,1,0,0,0,1,2,3,195,0,0.4259,3,1,0.7545,0.0536634,0,0.3455,2,785500.0,4.0,0.0,0,126000,6.64,3,45,HAA-00729,NP0149,Lumbini Hospitality Pvt. Ltd.,Tourism & Hotels,Gandaki,0
0.3164,0.4,1.227,57600.0,0,0,0,0,1,1,1,0,0,1,4,1,6,0,0.4579,2,2,0.6328,0.7912511999999999,0,0.2949,3,1335333.33,70.67,0.67,2,1728000,5.25,2,30,HAA-00730,NP0080,Kathmandu Nirman Pvt. Ltd.,Construction,Madhesh,1
0.5005,0.0,1.966,23933.0,0,0,1,0,0,0,0,0,0,0,4,1,0,1,0.2708,2,2,0.0,0.38886879999999996,0,0.1543,6,1135500.0,21.0,0.17,1,1436000,4.05,0,60,HAA-00731,NP0118,Hetauda Chemicals Pvt. Ltd.,Manufacturing,Karnali,1
0.6204,0.2,0.216,5067.0,0,0,0,0,0,1,0,1,0,0,3,4,60,0,0.4579,1,1,0.6204,0.13920159999999998,1,0.3857,7,589714.29,68.86,0.71,5,304000,1.37,1,60,HAA-00732,NP0164,Bhaktapur Builders,Construction,Madhesh,1
0.5505,0.0,1.399,14900.0,0,0,1,0,0,1,0,1,0,1,3,4,92,0,0.4259,2,1,0.0,0.1903773,0,0.2953,9,907777.78,17.22,0.11,1,447000,3.83,0,30,HAA-00733,NP0147,Thamel Tourism Pvt. Ltd.,Tourism & Hotels,Bagmati,0
0.3441,0.2,1.034,12583.0,0,0,0,0,0,0,0,0,0,0,2,3,139,0,0.2708,2,2,0.3441,0.204454,0,0.193,2,724500.0,74.0,0.5,1,755000,3.35,1,60,HAA-00734,NP0020,Biratnagar Textile Mills,Manufacturing,Bagmati,1
0.293,0.0,1.046,61000.0,0,0,1,0,0,0,1,1,0,1,4,4,30,1,0.1917,1,2,0.0,0.35081100000000004,0,0.1969,5,1392000.0,40.4,0.4,2,1830000,2.9,0,30,HAA-00735,NP0185,Tamor Power Pvt. Ltd.,Hydropower,Gandaki,0
0.2594,0.4,0.322,3433.0,0,0,0,0,1,1,0,0,0,1,1,1,0,0,0.4259,3,1,0.5188,0.043867699999999996,0,0.2771,5,720600.0,49.4,0.4,2,103000,6.65,2,30,HAA-00736,NP0146,Thamel Tourism Pvt. Ltd.,Tourism & Hotels,Lumbini,1
0.6499,0.6,0.202,4733.0,0,1,0,0,1,1,0,1,0,1,4,4,22,0,0.4579,3,1,1.9497,0.13004359999999998,3,0.5316,6,782166.67,39.83,0.33,2,284000,6.38,3,60,HAA-00737,NP0047,Bhaktapur Builders,Construction,Bagmati,0
0.3563,0.4,1.241,10822.0,0,0,0,0,1,0,0,1,0,1,3,4,92,0,0.1977,2,1,0.7126,0.09627989999999999,2,0.3508,4,1023250.0,10.5,0.0,0,487000,5.4,2,45,HAA-00738,NP0049,Digital Yatra Pvt. Ltd.,Services & IT,Bagmati,0
0.3734,0.4,1.653,17600.0,0,0,0,0,1,1,0,0,0,1,3,3,113,0,0.4259,3,2,0.7468,0.2248752,0,0.2999,3,740666.67,45.67,0.33,1,528000,8.46,2,30,HAA-00739,NP0014,Pokhara Resort & Spa,Tourism & Hotels,Koshi,0
0.3185,0.4,1.374,32700.0,0,0,0,0,0,1,0,1,0,1,4,4,24,1,0.3615,2,2,0.637,0.3546315,2,0.376,3,632000.0,53.33,0.33,1,981000,3.31,2,30,HAA-00740,NP0143,Annapurna Merchandise Pvt. Ltd.,Trading & Import,Gandaki,0
0.3449,0.2,1.0,23800.0,0,0,0,0,0,1,0,0,0,0,3,3,137,0,0.3615,1,2,0.3449,0.258111,0,0.2113,3,734333.33,54.0,0.33,1,714000,2.38,1,30,HAA-00741,NP0159,Everest Imports Pvt. Ltd.,Trading & Import,Bagmati,0
0.3109,0.6,0.304,3617.0,0,1,0,0,1,1,0,0,0,1,4,1,11,0,0.3615,2,1,0.9327000000000001,0.0784455,0,0.3445,6,493666.67,56.67,0.5,3,217000,5.99,3,60,HAA-00742,NP0001,Nepal Trade House,Trading & Import,Lumbini,1
0.318,0.6,1.155,54200.0,0,1,0,0,0,1,1,0,0,0,3,3,149,1,0.4579,1,2,0.954,0.7445453999999999,0,0.3652,8,628000.0,21.5,0.25,2,1626000,1.99,3,30,HAA-00743,NP0117,Nepal Infrastructure Pvt. Ltd.,Construction,Lumbini,0
0.5577,0.0,0.522,30433.0,0,0,1,0,0,0,0,0,0,1,1,1,312,0,0.1917,2,2,0.0,0.1750221,0,0.1499,9,511888.89,40.67,0.33,3,913000,3.01,0,30,HAA-00744,NP0054,Seti River Power Co.,Hydropower,Koshi,0
0.2858,0.0,1.848,45000.0,0,0,1,0,0,0,0,0,0,1,2,3,194,0,0.2708,1,2,0.0,0.36558,0,0.1113,6,1135500.0,21.0,0.17,1,1350000,2.22,0,30,HAA-00745,NP0118,Butwal Steel Industries,Manufacturing,Bagmati,0
0.553,0.2,1.681,17900.0,0,0,0,0,0,1,0,0,0,1,2,3,172,0,0.4259,0,2,0.553,0.2287083,0,0.2658,5,416400.0,40.8,0.4,2,537000,0.86,1,30,HAA-00746,NP0003,Sagarmatha Trekking Co.,Tourism & Hotels,Koshi,0
0.308,0.4,1.261,30000.0,0,0,0,0,1,1,0,0,1,1,1,2,283,1,0.3615,3,2,0.616,0.32535,0,0.2739,9,871555.56,15.78,0.11,1,900000,7.49,2,30,HAA-00747,NP0144,Annapurna Merchandise Pvt. Ltd.,Trading & Import,Lumbini,0
0.3936,0.6,1.881,20033.0,0,1,0,0,0,1,0,0,0,1,1,1,297,1,0.4259,1,2,1.1808,0.25596589999999997,0,0.3739,5,1392000.0,40.4,0.4,2,601000,2.48,3,30,HAA-00748,NP0185,Pokhara Resort & Spa,Tourism & Hotels,Bagmati,1
0.359,0.0,0.196,4667.0,0,0,1,0,0,1,0,0,0,0,3,3,139,0,0.3615,2,1,0.0,0.05061,0,0.1441,7,390571.43,39.43,0.29,2,140000,4.39,0,30,HAA-00749,NP0012,Everest Imports Pvt. Ltd.,Trading & Import,Koshi,0
0.2661,0.6,1.496,15933.0,0,1,0,0,0,1,0,0,0,1,1,1,303,1,0.4259,0,1,0.7983,0.2035802,0,0.3484,4,874000.0,67.75,0.5,2,478000,0.63,3,30,HAA-00750,NP0074,Sagarmatha Trekking Co.,Tourism & Hotels,Gandaki,1
0.2685,0.4,0.665,7917.0,0,0,0,0,1,1,0,0,0,1,2,3,194,0,0.3615,3,1,0.537,0.1717125,0,0.266,3,616000.0,43.67,0.33,1,475000,6.37,2,60,HAA-00751,NP0016,Himalayan Traders Pvt. Ltd.,Trading & Import,Bagmati,1
0.2821,0.2,1.556,26667.0,0,0,0,0,0,0,0,1,0,0,4,4,63,0,0.12,2,2,0.2821,0.096,1,0.2504,5,1188600.0,81.8,0.8,4,800000,3.14,1,30,HAA-00752,NP0200,NMB Finance,Banking & Finance,Gandaki,0
0.3604,0.2,0.566,8978.0,0,0,0,0,1,1,0,0,0,0,1,1,0,1,0.3615,3,1,0.3604,0.146046,0,0.2144,2,1618000.0,123.0,1.0,2,404000,6.77,1,45,HAA-00753,NP0102,Annapurna Merchandise Pvt. Ltd.,Trading & Import,Bagmati,1
0.2993,0.2,1.241,6978.0,0,0,0,0,0,1,0,1,0,0,4,4,57,0,0.2553,2,1,0.2993,0.0801642,1,0.2809,9,834333.33,49.67,0.33,3,314000,3.86,1,45,HAA-00754,NP0152,Terai Agro Industries,Agriculture,Bagmati,0
0.3594,0.8,1.753,9333.0,0,1,0,0,0,1,0,0,0,1,1,1,0,0,0.4259,1,2,1.4376,0.23850400000000002,0,0.4371,1,560000.0,113.0,1.0,1,560000,1.96,4,60,HAA-00755,NP0156,Thamel Tourism Pvt. Ltd.,Tourism & Hotels,Madhesh,1
0.272,0.2,0.21,1800.0,0,0,0,0,0,0,0,1,0,0,3,4,50,0,0.12,2,1,0.272,0.01296,1,0.2484,8,628000.0,21.5,0.25,2,108000,4.74,1,60,HAA-00756,NP0117,NMB Finance,Banking & Finance,Bagmati,0
0.3988,0.2,0.903,22000.0,0,0,0,0,0,0,0,0,1,0,2,2,227,1,0.2708,1,2,0.3988,0.178728,0,0.2039,6,790666.67,26.17,0.17,1,660000,1.39,1,30,HAA-00757,NP0008,Nepal Cement Udyog,Manufacturing,Karnali,0
0.2548,0.8,1.265,59367.0,0,1,0,0,0,1,1,1,0,1,3,4,89,0,0.4579,2,2,1.0192,0.8155199,4,0.5225,5,1039800.0,43.2,0.4,2,1781000,4.1,4,30,HAA-00758,NP0122,Kathmandu Nirman Pvt. Ltd.,Construction,Lumbini,1
0.261,0.6,0.81,38033.0,0,1,0,0,0,1,0,1,0,1,3,4,78,0,0.4579,2,2,0.783,0.5224639,3,0.4538,7,800428.57,47.29,0.29,2,1141000,3.03,3,30,HAA-00759,NP0092,Kathmandu Nirman Pvt. Ltd.,Construction,Bagmati,0
0.298,0.4,0.651,6933.0,0,0,0,0,1,1,0,0,0,1,2,2,199,1,0.4259,3,1,0.596,0.08858719999999999,0,0.2848,7,589714.29,68.86,0.71,5,208000,8.23,2,30,HAA-00760,NP0164,Sagarmatha Trekking Co.,Tourism & Hotels,Bagmati,1
0.4546,0.4,0.576,9356.0,0,0,0,0,0,0,0,0,0,1,1,1,313,0,0.2708,0,1,0.9092,0.11400679999999999,0,0.2851,9,613555.56,41.0,0.33,3,421000,0.78,2,45,HAA-00761,NP0090,Butwal Steel Industries,Manufacturing,Lumbini,1
0.5462,0.2,0.407,2889.0,0,0,0,0,1,1,0,1,0,0,3,4,63,0,0.4259,3,1,0.5462,0.055367,1,0.3644,5,562200.0,35.8,0.2,1,130000,6.32,1,45,HAA-00762,NP0136,Sagarmatha Trekking Co.,Tourism & Hotels,Lumbini,0
0.275,0.4,1.749,21300.0,0,0,0,0,0,0,0,0,0,1,1,1,297,1,0.2708,1,2,0.55,0.3460824,0,0.2492,6,1083833.33,11.33,0.0,0,1278000,1.85,2,60,HAA-00763,NP0186,Nepal Cement Udyog,Manufacturing,Bagmati,0
0.5227,0.4,1.049,24967.0,0,0,0,0,0,1,0,1,0,1,3,4,104,0,0.3615,2,2,1.0454,0.2707635,2,0.4168,5,501400.0,7.4,0.0,0,749000,3.04,2,30,HAA-00764,NP0060,Nepal Trade House,Trading & Import,Bagmati,0
0.2751,0.2,0.265,7717.0,0,0,0,0,0,0,0,0,1,0,1,2,245,0,0.1917,2,1,0.2751,0.0887571,0,0.1634,4,1027500.0,31.25,0.25,1,463000,3.89,1,60,HAA-00765,NP0178,Marsyangdi Energy Pvt. Ltd.,Hydropower,Koshi,0
0.3668,0.4,0.876,21333.0,0,0,0,0,1,0,0,0,0,1,3,3,128,1,0.2708,3,2,0.7336,0.173312,0,0.2675,7,751285.71,66.57,0.57,4,640000,8.2,2,30,HAA-00766,NP0028,Hetauda Chemicals Pvt. Ltd.,Manufacturing,Bagmati,0
0.3974,0.4,0.849,20667.0,0,0,0,0,0,0,0,0,0,0,3,3,151,0,0.2708,1,2,0.7948,0.167896,0,0.2736,7,654000.0,12.29,0.0,0,620000,2.37,2,30,HAA-00767,NP0101,Hetauda Chemicals Pvt. Ltd.,Manufacturing,Madhesh,0
0.266,0.0,0.428,7333.0,0,0,1,0,0,0,0,0,0,0,1,1,330,0,0.12,1,1,0.0,0.0264,0,0.0772,3,497000.0,57.67,0.33,1,220000,1.05,0,30,HAA-00768,NP0041,Goodwill Finance Co.,Banking & Finance,Lumbini,0
0.3322,0.2,0.782,24467.0,0,0,0,0,0,1,0,0,0,1,2,3,187,0,0.4579,2,2,0.3322,0.5041479,0,0.228,7,629857.14,76.86,0.86,6,1101000,3.04,1,45,HAA-00769,NP0192,Pokhara Construction Co.,Construction,Gandaki,1
0.3402,0.0,0.648,5467.0,0,0,1,0,0,1,0,0,0,1,3,3,115,1,0.2553,1,1,0.0,0.04186920000000001,0,0.1191,3,190333.33,7.67,0.0,0,164000,1.17,0,30,HAA-00770,NP0155,Terai Agro Industries,Agriculture,Bagmati,0
0.3452,0.0,0.678,19750.0,0,0,1,0,0,0,0,0,0,1,4,1,0,1,0.1917,1,2,0.0,0.22716450000000002,0,0.1074,7,646714.29,54.14,0.43,3,1185000,1.38,0,60,HAA-00771,NP0191,Tamor Power Pvt. Ltd.,Hydropower,Bagmati,0
0.4119,0.0,1.295,37750.0,0,0,1,0,1,0,1,0,0,0,4,1,0,0,0.1917,2,3,0.0,0.43420050000000004,0,0.1207,9,949111.11,79.89,0.67,6,2265000,5.27,0,60,HAA-00772,NP0145,Marsyangdi Energy Pvt. Ltd.,Hydropower,Madhesh,1
0.2887,0.0,0.493,14367.0,0,0,1,0,0,0,0,0,0,1,3,3,128,1,0.1917,0,2,0.0,0.16524540000000001,0,0.0961,11,1313545.45,69.09,0.64,7,862000,0.78,0,60,HAA-00773,NP0161,Upper Karnali Hydro Pvt. Ltd.,Hydropower,Bagmati,0
0.469,0.2,1.327,14133.0,0,0,0,0,0,1,0,1,0,0,4,4,69,0,0.4259,0,1,0.469,0.1805816,1,0.349,3,552666.67,80.0,0.67,2,424000,0.52,1,30,HAA-00774,NP0157,Thamel Tourism Pvt. Ltd.,Tourism & Hotels,Bagmati,1
0.2599,0.0,1.035,8867.0,0,0,1,0,1,0,0,0,0,1,2,3,189,0,0.12,3,2,0.0,0.06384000000000001,0,0.076,5,973800.0,87.2,0.6,3,532000,6.5,0,60,HAA-00775,NP0141,Kumari Bank Ltd.,Banking & Finance,Lumbini,0
0.2677,0.6,1.038,16467.0,0,1,0,0,0,1,0,0,0,1,2,3,195,0,0.3615,2,2,0.8030999999999999,0.2678715,0,0.3358,4,294250.0,58.75,0.5,2,741000,3.41,3,45,HAA-00776,NP0046,Annapurna Merchandise Pvt. Ltd.,Trading & Import,Bagmati,1
0.4267,0.0,1.177,20167.0,0,0,1,0,0,0,0,0,1,1,1,2,264,0,0.12,1,2,0.0,0.0726,0,0.1093,5,1293200.0,5.8,0.0,0,605000,1.35,0,30,HAA-00777,NP0035,Prabhu Capital Ltd.,Banking & Finance,Gandaki,0
0.3008,0.6,1.158,12333.0,0,1,0,0,0,1,0,0,0,1,3,3,129,1,0.4259,1,1,0.9024000000000001,0.157583,0,0.3553,4,442500.0,54.75,0.5,2,370000,2.47,3,30,HAA-00778,NP0134,Sagarmatha Trekking Co.,Tourism & Hotels,Madhesh,1
0.341,0.0,1.791,43600.0,0,0,1,0,1,0,0,0,0,1,2,2,220,1,0.2708,2,2,0.0,0.3542064,0,0.1224,5,574400.0,23.8,0.2,1,1308000,5.87,0,30,HAA-00779,NP0082,Nepal Cement Udyog,Manufacturing,Gandaki,0
0.4266,0.6,1.415,34467.0,0,1,0,0,0,0,0,0,0,1,1,1,304,1,0.2708,1,2,1.2797999999999998,0.2800072,0,0.3495,5,474400.0,21.2,0.2,1,1034000,2.66,3,30,HAA-00780,NP0115,Hetauda Chemicals Pvt. Ltd.,Manufacturing,Sudurpashchim,0
0.2518,0.2,0.997,38733.0,0,0,0,0,0,0,1,1,0,0,3,4,69,0,0.1917,2,2,0.2518,0.3341331,1,0.2587,5,723200.0,11.2,0.0,0,1743000,4.58,1,45,HAA-00781,NP0197,Marsyangdi Energy Pvt. Ltd.,Hydropower,Madhesh,0
0.6394,0.0,1.665,8867.0,0,0,1,0,0,1,0,1,0,0,3,4,46,0,0.4259,1,2,0.0,0.22657880000000002,0,0.3131,6,782166.67,39.83,0.33,2,532000,1.31,0,60,HAA-00782,NP0047,Thamel Tourism Pvt. Ltd.,Tourism & Hotels,Bagmati,0
0.4692,0.6,1.261,13433.0,0,1,0,0,1,1,0,0,0,1,2,2,203,0,0.4259,2,1,1.4076,0.1716377,0,0.389,5,536800.0,23.6,0.2,1,403000,5.4,3,30,HAA-00783,NP0153,Pokhara Resort & Spa,Tourism & Hotels,Gandaki,0
0.3571,0.4,0.604,9578.0,0,0,0,0,0,1,0,0,0,1,1,1,291,0,0.3615,2,1,0.7142,0.1558065,0,0.2837,5,1583200.0,5.4,0.0,0,431000,3.02,2,45,HAA-00784,NP0194,Nepal Trade House,Trading & Import,Gandaki,0
0.3567,0.6,0.541,2883.0,0,1,0,0,1,1,0,0,0,0,2,3,149,1,0.4259,2,1,1.0701,0.07368069999999999,0,0.3665,2,156000.0,35.0,0.5,1,173000,5.74,3,60,HAA-00785,NP0010,Lumbini Hospitality Pvt. Ltd.,Tourism & Hotels,Lumbini,1
0.3366,0.4,0.387,9200.0,0,0,0,0,1,1,0,0,0,1,2,3,173,0,0.3615,3,1,0.6732,0.099774,0,0.2796,2,344500.0,53.5,0.5,1,276000,7.32,2,30,HAA-00786,NP0056,Nepal Trade House,Trading & Import,Bagmati,1
0.2959,0.4,1.79,9533.0,0,0,0,0,1,1,0,1,0,0,3,4,60,0,0.4259,2,2,0.5918,0.2436148,2,0.3844,6,820666.67,29.0,0.17,1,572000,5.6,2,60,HAA-00787,NP0030,Thamel Tourism Pvt. Ltd.,Tourism & Hotels,Karnali,1
0.327,0.4,1.478,24000.0,0,0,0,0,0,0,0,0,0,1,2,2,204,0,0.2708,1,2,0.654,0.292464,0,0.2596,5,537200.0,64.4,0.6,3,1080000,2.84,2,45,HAA-00788,NP0109,Butwal Steel Industries,Manufacturing,Lumbini,1
0.3333,0.2,1.897,30800.0,0,0,0,0,0,0,0,1,0,0,3,4,70,0,0.2708,1,2,0.3333,0.37532879999999996,1,0.2908,5,1034000.0,8.2,0.0,0,1386000,2.49,1,45,HAA-00789,NP0005,Biratnagar Textile Mills,Manufacturing,Gandaki,0
0.6121,1.0,1.03,48333.0,0,1,0,0,0,1,0,1,0,1,4,4,16,1,0.4579,2,2,3.0604999999999998,0.663955,5,0.664,2,1845500.0,58.0,0.5,1,1450000,3.11,5,30,HAA-00790,NP0119,Nepal Infrastructure Pvt. Ltd.,Construction,Lumbini,1
0.4097,0.6,0.889,14111.0,0,1,0,0,0,1,0,0,1,0,2,2,233,1,0.3615,1,2,1.2291,0.2295525,0,0.3642,7,670000.0,20.14,0.14,1,635000,1.69,3,45,HAA-00791,NP0033,Annapurna Merchandise Pvt. Ltd.,Trading & Import,Gandaki,0
0.4804,0.6,0.227,10633.0,0,1,0,0,0,1,0,0,0,0,1,1,0,0,0.4579,1,1,1.4412,0.14607009999999998,0,0.3977,6,1135500.0,21.0,0.17,1,319000,1.84,3,30,HAA-00792,NP0118,Bhaktapur Builders,Construction,Madhesh,0
0.4623,0.2,1.19,46267.0,0,0,0,0,1,0,1,0,0,1,2,3,178,1,0.1917,3,3,0.4623,0.3991194,0,0.2008,5,1327800.0,25.0,0.2,1,2082000,7.17,1,45,HAA-00793,NP0065,Tamor Power Pvt. Ltd.,Hydropower,Lumbini,0
0.3465,0.0,1.051,61300.0,0,0,1,0,0,0,1,0,1,0,2,2,237,0,0.1917,2,2,0.0,0.3525363,0,0.1076,5,720600.0,49.4,0.4,2,1839000,3.62,0,30,HAA-00794,NP0146,Seti River Power Co.,Hydropower,Bagmati,0
0.5004,0.2,1.768,11567.0,0,0,0,0,0,0,0,0,0,0,2,3,151,0,0.1977,2,2,0.5004,0.1372038,0,0.2096,4,528250.0,22.75,0.25,1,694000,4.06,1,60,HAA-00795,NP0177,Digital Yatra Pvt. Ltd.,Services & IT,Bagmati,0
0.4472,0.8,0.522,12433.0,0,1,0,0,1,1,0,0,0,1,1,1,300,0,0.3615,2,1,1.7888,0.1348395,0,0.4417,2,507000.0,73.0,0.5,1,373000,5.45,4,30,HAA-00796,NP0011,Himalayan Traders Pvt. Ltd.,Trading & Import,Madhesh,1
0.4778,0.2,1.149,27967.0,0,0,0,0,1,0,0,0,0,1,1,1,289,1,0.2708,2,2,0.4778,0.2272012,0,0.2197,4,649250.0,57.25,0.5,2,839000,5.41,1,30,HAA-00797,NP0085,Butwal Steel Industries,Manufacturing,Lumbini,0
0.2583,0.2,1.37,22244.0,0,0,0,0,0,0,0,0,0,1,2,3,168,0,0.2708,0,2,0.2583,0.27107079999999995,0,0.1758,2,893000.0,47.0,0.5,1,1001000,0.84,1,45,HAA-00798,NP0026,Biratnagar Textile Mills,Manufacturing,Karnali,0
0.259,0.2,1.148,66933.0,0,0,0,0,1,0,1,1,0,0,4,4,56,0,0.1917,3,3,0.259,0.38493360000000004,1,0.2601,5,750400.0,8.6,0.0,0,2008000,7.53,1,30,HAA-00799,NP0063,Marsyangdi Energy Pvt. Ltd.,Hydropower,Bagmati,0
0.3306,0.6,1.028,16311.0,0,1,0,0,0,1,0,0,0,1,4,1,0,0,0.3615,1,2,0.9918,0.265341,0,0.3484,8,897375.0,33.5,0.25,2,734000,1.8,3,45,HAA-00800,NP0086,Himalayan Traders Pvt. Ltd.,Trading & Import,Bagmati,0
0.2624,0.4,1.366,16250.0,0,0,0,0,1,1,0,1,0,0,3,4,62,0,0.3615,3,2,0.5248,0.35246249999999996,2,0.3648,3,834666.67,12.67,0.0,0,975000,6.58,2,60,HAA-00801,NP0059,Annapurna Merchandise Pvt. Ltd.,Trading & Import,Bagmati,0
0.2885,0.2,0.487,4244.0,0,0,0,0,1,0,0,0,1,1,1,2,281,0,0.1977,3,1,0.2885,0.0377607,0,0.1672,6,1048500.0,60.33,0.5,3,191000,7.01,1,45,HAA-00802,NP0027,Digital Yatra Pvt. Ltd.,Services & IT,Lumbini,0
0.3362,0.8,1.477,15733.0,0,1,0,0,1,1,0,1,0,1,3,4,89,0,0.4259,3,1,1.3448,0.2010248,4,0.5324,4,528250.0,22.75,0.25,1,472000,6.51,4,30,HAA-00803,NP0177,Sagarmatha Trekking Co.,Tourism & Hotels,Gandaki,1
0.6595,0.2,1.11,43133.0,0,0,0,0,1,0,1,1,0,1,3,4,88,0,0.1917,2,2,0.6595,0.3720897,1,0.3402,11,1313545.45,69.09,0.64,7,1941000,5.32,1,45,HAA-00804,NP0161,Seti River Power Co.,Hydropower,Bagmati,1
0.2914,0.2,1.784,12667.0,0,0,0,1,0,1,0,1,0,1,4,4,25,0,0.4259,0,2,0.2914,0.24276299999999998,1,0.4135,4,803750.0,33.25,0.25,1,570000,0.38,1,45,HAA-00805,NP0098,Lumbini Hospitality Pvt. Ltd.,Tourism & Hotels,Lumbini,0
0.3071,0.8,1.39,32617.0,0,1,0,0,0,1,1,0,0,1,4,1,3,1,0.4579,2,2,1.2284,0.8961103,0,0.433,4,1048500.0,59.75,0.5,2,1957000,3.4,4,60,HAA-00806,NP0105,Bhaktapur Builders,Construction,Lumbini,0
0.3293,0.4,0.641,15267.0,0,0,0,0,1,1,0,1,0,1,4,4,18,0,0.3615,2,1,0.6586,0.165567,2,0.3782,12,652083.33,49.58,0.42,5,458000,5.54,2,30,HAA-00807,NP0099,Everest Imports Pvt. Ltd.,Trading & Import,Bagmati,1
0.2942,0.2,0.667,7100.0,0,0,0,0,0,1,0,0,0,1,2,3,183,0,0.4259,2,1,0.2942,0.0907167,0,0.214,8,999500.0,58.25,0.38,3,213000,3.64,1,30,HAA-00808,NP0129,Sagarmatha Trekking Co.,Tourism & Hotels,Gandaki,1
0.3595,0.2,1.978,32111.0,0,0,0,0,1,0,0,1,0,0,3,4,65,1,0.2708,3,2,0.3595,0.391306,1,0.2961,2,785500.0,4.0,0.0,0,1445000,7.81,1,45,HAA-00809,NP0149,Biratnagar Textile Mills,Manufacturing,Koshi,0
0.3068,0.4,1.011,13233.0,0,0,0,0,0,0,0,0,1,0,2,2,237,0,0.1977,1,1,0.6136,0.0784869,0,0.2409,3,420333.33,11.33,0.0,0,397000,2.95,2,30,HAA-00810,NP0055,Kathmandu Tech Hub,Services & IT,Bagmati,0
0.2606,0.0,1.555,90667.0,0,0,1,0,0,0,1,0,0,0,1,1,0,0,0.1917,1,3,0.0,0.5214240000000001,0,0.0905,4,1155500.0,6.75,0.0,0,2720000,2.82,0,30,HAA-00811,NP0006,Upper Karnali Hydro Pvt. Ltd.,Hydropower,Bagmati,0
0.4099,0.2,0.401,23367.0,0,0,0,0,0,0,0,0,1,1,1,2,271,0,0.1917,1,2,0.4099,0.1343817,0,0.1903,5,723200.0,11.2,0.0,0,701000,2.58,1,30,HAA-00812,NP0197,Seti River Power Co.,Hydropower,Bagmati,0
0.3058,0.0,1.145,33383.0,0,0,1,0,0,0,1,0,0,1,1,1,301,0,0.1917,2,3,0.0,0.3839751,0,0.0995,6,860000.0,45.67,0.33,2,2003000,3.16,0,60,HAA-00813,NP0095,Tamor Power Pvt. Ltd.,Hydropower,Koshi,1
0.3718,0.4,1.662,20233.0,0,0,0,0,1,0,0,0,1,0,1,2,250,0,0.2708,2,2,0.7436,0.32875119999999997,0,0.2685,4,604000.0,5.25,0.0,0,1214000,5.13,2,60,HAA-00814,NP0133,Hetauda Chemicals Pvt. Ltd.,Manufacturing,Madhesh,0
0.3139,0.2,1.619,62933.0,0,0,0,0,1,0,1,1,0,1,4,4,36,0,0.1917,3,3,0.3139,0.5428944,1,0.2711,2,1618000.0,123.0,1.0,2,2832000,6.44,1,45,HAA-00815,NP0102,Marsyangdi Energy Pvt. Ltd.,Hydropower,Gandaki,1
0.2935,0.0,0.793,19300.0,0,0,1,0,1,0,0,0,0,1,2,3,171,1,0.2708,3,2,0.0,0.1567932,0,0.1129,5,416400.0,40.8,0.4,2,579000,6.05,0,30,HAA-00816,NP0003,Hetauda Chemicals Pvt. Ltd.,Manufacturing,Bagmati,0
0.6197,0.0,1.274,21833.0,0,0,1,0,1,0,0,0,0,1,2,3,171,1,0.12,3,2,0.0,0.0786,0,0.1479,3,645666.67,39.67,0.33,1,655000,7.32,0,30,HAA-00817,NP0181,NMB Finance,Banking & Finance,Madhesh,0
0.3209,0.8,0.935,21933.0,0,1,0,0,1,1,0,0,0,0,4,1,0,0,0.4579,3,2,1.2836,0.6025964,0,0.4358,4,819250.0,32.5,0.25,1,1316000,8.0,4,60,HAA-00818,NP0023,Kathmandu Nirman Pvt. Ltd.,Construction,Karnali,0
0.4837,0.6,0.279,1483.0,0,1,0,0,1,1,0,0,0,0,4,1,0,0,0.4259,3,0,1.4511,0.0379051,0,0.3919,8,489250.0,68.0,0.75,6,89000,7.39,3,60,HAA-00819,NP0053,Lumbini Hospitality Pvt. Ltd.,Tourism & Hotels,Lumbini,1
0.3149,0.4,1.279,8367.0,0,0,0,1,0,0,0,0,0,1,2,3,191,1,0.1977,0,2,0.6298,0.0992454,0,0.3425,3,266000.0,13.0,0.0,0,502000,0.42,2,60,HAA-00820,NP0165,CloudNepal Pvt. Ltd.,Services & IT,Karnali,0
0.3745,0.2,1.441,23400.0,0,0,0,0,1,0,0,0,1,0,1,2,243,0,0.2708,3,2,0.3745,0.2851524,0,0.1991,3,1035333.33,80.67,0.67,2,1053000,6.69,1,45,HAA-00821,NP0083,Biratnagar Textile Mills,Manufacturing,Lumbini,0
0.2912,0.2,1.885,45900.0,0,0,0,0,0,0,0,1,0,1,4,4,25,0,0.2708,1,2,0.2912,0.3728916,1,0.2824,9,949111.11,79.89,0.67,6,1377000,2.07,1,30,HAA-00822,NP0145,Butwal Steel Industries,Manufacturing,Koshi,0
0.553,0.2,0.927,11033.0,0,0,0,0,0,1,0,0,0,0,4,1,0,1,0.3615,1,2,0.553,0.239313,0,0.2529,4,649250.0,57.25,0.5,2,662000,1.41,1,60,HAA-00823,NP0085,Annapurna Merchandise Pvt. Ltd.,Trading & Import,Gandaki,0
0.3263,0.4,0.49,4133.0,0,0,0,0,1,1,0,0,0,0,3,3,137,0,0.2553,2,1,0.6526,0.0316572,0,0.2563,1,124000.0,2.0,0.0,0,124000,5.84,2,30,HAA-00824,NP0078,Nepal Spices Pvt. Ltd.,Agriculture,Gandaki,0
0.4559,0.2,0.217,5167.0,0,0,0,0,0,1,0,1,0,1,3,4,105,0,0.3615,2,1,0.4559,0.0560325,1,0.3335,2,385500.0,13.0,0.0,0,155000,3.05,1,30,HAA-00825,NP0110,Everest Imports Pvt. Ltd.,Trading & Import,Bagmati,0
0.2753,0.2,0.8,12689.0,0,0,0,0,0,1,0,0,0,1,2,2,226,1,0.3615,0,2,0.2753,0.20641649999999998,0,0.1974,6,493666.67,56.67,0.5,3,571000,0.75,1,45,HAA-00826,NP0001,Everest Imports Pvt. Ltd.,Trading & Import,Madhesh,1
0.2617,0.4,0.62,14767.0,0,0,0,0,0,1,0,1,0,1,4,4,42,0,0.3615,1,1,0.5234,0.1601445,2,0.3646,7,725428.57,34.86,0.29,2,443000,1.45,2,30,HAA-00827,NP0051,Everest Imports Pvt. Ltd.,Trading & Import,Sudurpashchim,1
0.2505,0.0,1.573,38300.0,0,0,1,1,0,0,0,1,0,1,3,4,104,0,0.2708,0,2,0.0,0.3111492,0,0.3043,5,678000.0,18.4,0.2,1,1149000,0.26,0,30,HAA-00828,NP0173,Nepal Cement Udyog,Manufacturing,Lumbini,0
0.2865,0.6,0.703,16733.0,0,1,0,0,1,1,0,0,0,0,3,3,151,0,0.3615,3,2,0.8594999999999999,0.181473,0,0.3396,4,1219250.0,61.75,0.5,2,502000,8.15,3,30,HAA-00829,NP0004,Annapurna Merchandise Pvt. Ltd.,Trading & Import,Bagmati,1
0.2955,0.0,1.636,38933.0,0,0,1,1,0,1,0,0,0,1,1,1,313,0,0.3615,0,2,0.0,0.42223199999999994,0,0.2314,13,810153.85,39.08,0.31,4,1168000,0.47,0,30,HAA-00830,NP0190,Himalayan Traders Pvt. Ltd.,Trading & Import,Bagmati,0
0.4905,0.4,1.657,19717.0,0,0,0,0,0,1,0,0,0,0,4,1,0,0,0.3615,1,2,0.981,0.4276545,0,0.3104,3,722333.33,50.67,0.33,1,1183000,2.08,2,60,HAA-00831,NP0193,Everest Imports Pvt. Ltd.,Trading & Import,Bagmati,0
0.4274,0.2,1.12,26667.0,0,0,0,0,0,1,0,0,0,1,3,3,110,0,0.3615,2,2,0.4274,0.2892,0,0.2278,10,918900.0,42.9,0.3,3,800000,3.89,1,30,HAA-00832,NP0113,Everest Imports Pvt. Ltd.,Trading & Import,Bagmati,0
0.3753,0.2,1.881,45800.0,0,0,0,0,0,0,0,0,1,1,1,2,264,0,0.2708,2,2,0.3753,0.3720792,0,0.1992,3,991666.67,43.0,0.33,1,1374000,3.37,1,30,HAA-00833,NP0032,Biratnagar Textile Mills,Manufacturing,Lumbini,1
0.2912,0.4,1.263,59267.0,0,0,0,0,1,1,1,0,0,1,3,3,113,0,0.4579,3,2,0.5824,0.8141461999999999,0,0.2898,4,1384250.0,53.0,0.5,2,1778000,8.23,2,30,HAA-00834,NP0034,Bhaktapur Builders,Construction,Sudurpashchim,1
0.264,0.6,0.996,58067.0,0,1,0,0,0,0,1,1,0,1,3,4,87,1,0.1917,0,2,0.792,0.3339414,3,0.4011,7,800428.57,47.29,0.29,2,1742000,0.6,3,30,HAA-00835,NP0092,Upper Karnali Hydro Pvt. Ltd.,Hydropower,Bagmati,0
0.5064,0.6,0.495,5267.0,0,1,0,0,0,1,0,0,0,0,3,3,143,1,0.4259,2,1,1.5191999999999999,0.0672922,0,0.3965,6,860000.0,45.67,0.33,2,158000,4.73,3,30,HAA-00836,NP0095,Thamel Tourism Pvt. Ltd.,Tourism & Hotels,Bagmati,0
0.2627,0.6,0.816,25533.0,0,1,0,0,1,1,0,1,0,0,4,4,57,0,0.4579,3,2,0.7881,0.5261271,3,0.4541,3,907666.67,48.67,0.33,1,1149000,6.2,3,45,HAA-00837,NP0072,Pokhara Construction Co.,Construction,Lumbini,0
0.3088,0.2,1.027,24433.0,0,0,0,0,1,1,0,0,0,1,3,3,122,1,0.3615,3,2,0.3088,0.2649795,0,0.2041,7,822142.86,49.71,0.43,3,733000,8.4,1,30,HAA-00838,NP0039,Nepal Trade House,Trading & Import,Bagmati,1
0.3304,0.4,1.489,57889.0,0,0,0,0,1,0,1,0,0,0,4,1,0,1,0.1917,2,3,0.6608,0.4993785,0,0.2444,4,1507250.0,43.0,0.5,2,2605000,5.68,2,45,HAA-00839,NP0154,Seti River Power Co.,Hydropower,Madhesh,1
0.5,0.2,0.874,3683.0,0,0,0,0,1,1,0,0,1,1,1,2,285,0,0.2553,3,1,0.5,0.05642130000000001,0,0.2211,4,1097250.0,40.5,0.5,2,221000,7.28,1,60,HAA-00840,NP0162,Koshi Farms Ltd.,Agriculture,Bagmati,1
0.6102,0.0,1.823,29600.0,0,0,1,0,0,0,0,0,1,1,1,2,281,0,0.2708,0,2,0.0,0.3607056,0,0.1762,3,1055000.0,6.67,0.0,0,1332000,0.98,0,45,HAA-00841,NP0182,Hetauda Chemicals Pvt. Ltd.,Manufacturing,Bagmati,0
0.3423,0.4,1.194,69633.0,0,0,0,0,0,0,1,0,1,1,1,2,271,0,0.1917,2,3,0.6846,0.4004613,0,0.2468,6,1135500.0,21.0,0.17,1,2089000,3.63,2,30,HAA-00842,NP0118,Marsyangdi Energy Pvt. Ltd.,Hydropower,Bagmati,0
0.3196,0.4,0.424,10333.0,0,0,0,0,0,0,0,1,0,1,3,4,83,0,0.2708,2,1,0.6392,0.083948,2,0.3581,5,416400.0,40.8,0.4,2,310000,3.52,2,30,HAA-00843,NP0003,Nepal Cement Udyog,Manufacturing,Bagmati,1
0.4933,0.6,1.693,49350.0,0,1,0,0,1,0,1,1,0,0,3,4,69,0,0.1917,3,3,1.4799,0.5676237,3,0.447,4,1481750.0,50.0,0.5,2,2961000,8.01,3,60,HAA-00844,NP0123,Seti River Power Co.,Hydropower,Lumbini,0
0.3459,0.6,1.143,18556.0,0,1,0,0,0,0,0,0,0,1,4,1,0,0,0.2708,1,2,1.0377,0.22611799999999999,0,0.3333,4,800750.0,72.25,0.75,3,835000,1.57,3,45,HAA-00845,NP0050,Hetauda Chemicals Pvt. Ltd.,Manufacturing,Bagmati,0
0.2746,0.6,0.762,9067.0,0,1,0,0,0,1,0,1,0,1,4,4,37,1,0.3615,1,2,0.8238000000000001,0.196656,3,0.4372,7,390571.43,39.43,0.29,2,544000,1.58,3,60,HAA-00846,NP0012,Himalayan Traders Pvt. Ltd.,Trading & Import,Gandaki,0
0.2788,0.0,1.181,14050.0,0,0,1,0,0,1,0,0,0,1,3,3,119,0,0.3615,2,2,0.0,0.3047445,0,0.1281,3,722333.33,50.67,0.33,1,843000,3.12,0,60,HAA-00847,NP0193,Everest Imports Pvt. Ltd.,Trading & Import,Gandaki,0
0.2618,0.2,0.318,3783.0,0,0,0,0,0,1,0,0,0,1,1,1,0,0,0.3615,0,1,0.2618,0.0820605,0,0.1947,9,511888.89,40.67,0.33,3,227000,0.73,1,60,HAA-00848,NP0054,Annapurna Merchandise Pvt. Ltd.,Trading & Import,Bagmati,1
0.414,0.2,1.19,7783.0,0,0,0,0,0,0,0,0,0,1,2,2,207,0,0.1977,1,1,0.414,0.0923259,0,0.1923,4,604000.0,5.25,0.0,0,467000,1.85,1,60,HAA-00849,NP0133,Nepal Data Solutions,Services & IT,Bagmati,0
0.4358,0.6,0.874,27356.0,0,1,0,0,1,1,0,1,0,1,4,4,15,0,0.4579,3,2,1.3074000000000001,0.5636749,3,0.4887,3,1106000.0,30.0,0.33,1,1231000,8.7,3,45,HAA-00850,NP0057,Kathmandu Nirman Pvt. Ltd.,Construction,Gandaki,1
0.2965,0.4,0.784,18667.0,0,0,0,0,0,1,0,0,0,1,2,3,179,0,0.3615,2,2,0.593,0.20244,0,0.2716,9,949111.11,79.89,0.67,6,560000,4.0,2,30,HAA-00851,NP0145,Annapurna Merchandise Pvt. Ltd.,Trading & Import,Koshi,1
0.388,0.4,1.641,19533.0,0,0,0,0,1,1,0,1,0,0,3,4,68,0,0.3615,2,2,0.776,0.42367799999999994,2,0.3899,4,1043750.0,42.25,0.5,2,1172000,5.78,2,60,HAA-00852,NP0112,Annapurna Merchandise Pvt. Ltd.,Trading & Import,Sudurpashchim,1
0.5817,0.6,0.911,28489.0,0,1,0,0,1,1,0,1,0,0,4,4,54,0,0.4579,3,2,1.7450999999999999,0.5870278,3,0.5179,6,782166.67,39.83,0.33,2,1282000,6.6,3,45,HAA-00853,NP0047,Bhaktapur Builders,Construction,Bagmati,0
0.4534,0.4,0.49,11667.0,0,0,0,0,0,1,0,1,0,1,3,4,103,0,0.3615,2,1,0.9068,0.126525,2,0.403,8,851375.0,78.5,0.62,5,350000,3.46,2,30,HAA-00854,NP0151,Annapurna Merchandise Pvt. Ltd.,Trading & Import,Bagmati,1
0.3928,0.0,0.867,13756.0,0,0,1,0,0,1,0,0,1,1,1,2,268,1,0.3615,1,2,0.0,0.22376849999999998,0,0.1509,4,649250.0,57.25,0.5,2,619000,1.54,0,45,HAA-00855,NP0085,Everest Imports Pvt. Ltd.,Trading & Import,Bagmati,1
0.4482,0.2,1.538,8644.0,0,0,0,0,0,1,0,0,0,0,2,3,158,0,0.2553,1,1,0.4482,0.09931170000000002,0,0.2107,5,668400.0,33.2,0.2,1,389000,2.06,1,45,HAA-00856,NP0142,Koshi Farms Ltd.,Agriculture,Gandaki,0
0.429,0.2,0.42,12233.0,0,0,0,0,0,0,0,1,0,1,3,4,100,1,0.1917,1,2,0.429,0.1407078,1,0.2941,3,755666.67,5.67,0.0,0,734000,2.99,1,60,HAA-00857,NP0066,Tamor Power Pvt. Ltd.,Hydropower,Lumbini,0
0.4476,0.4,0.455,14222.0,0,0,0,0,1,1,0,0,0,1,4,1,10,1,0.4579,2,2,0.8952,0.293056,0,0.3211,6,564333.33,27.67,0.17,1,640000,5.82,2,45,HAA-00858,NP0075,Kathmandu Nirman Pvt. Ltd.,Construction,Madhesh,0
0.6212,0.2,0.162,1367.0,0,0,0,0,0,1,0,0,0,1,2,3,173,0,0.2553,2,0,0.6212,0.010467300000000002,0,0.2453,5,526000.0,32.0,0.2,1,41000,3.73,1,30,HAA-00859,NP0179,Nepal Spices Pvt. Ltd.,Agriculture,Koshi,0
0.3234,0.2,0.168,4900.0,0,0,0,1,0,0,0,0,0,0,4,1,0,0,0.1917,0,1,0.3234,0.0563598,0,0.273,6,435166.67,66.0,0.5,3,294000,0.31,1,60,HAA-00860,NP0103,Upper Karnali Hydro Pvt. Ltd.,Hydropower,Bagmati,0
0.3341,0.4,1.448,17233.0,0,0,0,0,0,1,0,0,0,0,2,3,144,0,0.3615,2,2,0.6682,0.373791,0,0.2791,5,716400.0,44.6,0.4,2,1034000,4.83,2,60,HAA-00861,NP0166,Everest Imports Pvt. Ltd.,Trading & Import,Gandaki,0
0.3192,0.4,1.296,20556.0,0,0,0,0,1,1,0,0,0,1,3,3,119,0,0.3615,3,2,0.6384,0.3343875,0,0.2761,7,629857.14,76.86,0.86,6,925000,8.31,2,45,HAA-00862,NP0192,Annapurna Merchandise Pvt. Ltd.,Trading & Import,Sudurpashchim,1
0.5049,0.0,0.698,11967.0,0,0,1,0,1,0,0,1,0,1,4,4,44,1,0.12,3,1,0.0,0.04307999999999999,0,0.225,4,548500.0,10.75,0.0,0,359000,7.36,0,30,HAA-00863,NP0038,Prabhu Capital Ltd.,Banking & Finance,Bagmati,0
0.4467,0.2,1.292,16900.0,0,0,0,0,1,0,0,0,0,1,3,3,122,1,0.1977,3,2,0.4467,0.1002339,0,0.1989,4,800750.0,72.25,0.75,3,507000,7.47,1,30,HAA-00864,NP0050,CloudNepal Pvt. Ltd.,Services & IT,Gandaki,1
0.328,0.6,0.722,22600.0,0,1,0,0,1,1,0,0,0,0,1,1,0,0,0.4579,3,2,0.984,0.46568429999999994,0,0.3672,4,803750.0,33.25,0.25,1,1017000,7.21,3,45,HAA-00865,NP0098,Bhaktapur Builders,Construction,Karnali,1
0.3334,0.8,1.641,39067.0,0,1,0,0,0,1,0,1,0,1,3,4,93,1,0.3615,2,2,1.3336,0.42367799999999994,4,0.519,5,574400.0,23.8,0.2,1,1172000,3.08,4,30,HAA-00866,NP0082,Everest Imports Pvt. Ltd.,Trading & Import,Koshi,0
0.3616,0.0,1.652,28300.0,0,0,1,0,1,0,0,0,0,0,3,3,144,0,0.12,3,2,0.0,0.10188,0,0.0963,6,820666.67,29.0,0.17,1,849000,6.95,0,30,HAA-00867,NP0030,NMB Finance,Banking & Finance,Koshi,0
0.4208,0.2,0.792,6911.0,0,0,0,0,0,0,0,0,0,1,1,1,311,1,0.1977,1,1,0.4208,0.061484699999999996,0,0.1937,2,1345500.0,14.5,0.0,0,311000,1.5,1,45,HAA-00868,NP0079,Digital Yatra Pvt. Ltd.,Services & IT,Bagmati,0
0.2644,0.0,1.744,42467.0,0,0,1,0,1,0,0,0,0,1,2,3,183,0,0.2708,3,2,0.0,0.3449992,0,0.107,2,730000.0,12.0,0.0,0,1274000,6.01,0,30,HAA-00869,NP0091,Butwal Steel Industries,Manufacturing,Gandaki,0
0.4256,0.2,1.414,18500.0,0,0,0,0,1,0,0,0,0,1,2,2,225,0,0.1977,2,2,0.4256,0.1097235,0,0.1947,5,526000.0,32.0,0.2,1,555000,5.86,1,30,HAA-00870,NP0179,CloudNepal Pvt. Ltd.,Services & IT,Bagmati,0
0.3791,0.2,0.628,10767.0,0,0,0,1,0,0,0,1,0,0,4,4,61,0,0.12,0,1,0.3791,0.03876,1,0.3698,7,646714.29,54.14,0.43,3,323000,0.47,1,30,HAA-00871,NP0191,Kumari Bank Ltd.,Banking & Finance,Lumbini,0
0.313,0.6,0.482,22600.0,0,1,0,0,1,1,0,0,1,1,1,2,258,0,0.4579,3,2,0.9390000000000001,0.3104562,0,0.3642,6,731500.0,9.5,0.0,0,678000,7.14,3,30,HAA-00872,NP0052,Pokhara Construction Co.,Construction,Bagmati,0
0.35,0.2,1.016,16489.0,0,0,0,0,1,0,0,0,1,0,1,2,245,0,0.2708,3,2,0.35,0.2009336,0,0.1942,5,716400.0,44.6,0.4,2,742000,8.15,1,45,HAA-00873,NP0166,Biratnagar Textile Mills,Manufacturing,Madhesh,0
0.4224,0.0,1.361,79333.0,0,0,1,0,0,0,1,0,1,1,1,2,265,0,0.1917,1,3,0.0,0.456246,0,0.1228,2,1345500.0,14.5,0.0,0,2380000,2.59,0,30,HAA-00874,NP0079,Marsyangdi Energy Pvt. Ltd.,Hydropower,Madhesh,0
0.3863,0.2,1.653,39333.0,0,0,0,0,1,1,0,0,0,1,1,1,289,1,0.3615,3,2,0.3863,0.42656999999999995,0,0.2196,6,820666.67,29.0,0.17,1,1180000,7.36,1,30,HAA-00875,NP0030,Nepal Trade House,Trading & Import,Lumbini,0
0.2869,0.4,1.577,25600.0,0,0,0,0,0,0,0,0,0,1,2,2,206,1,0.2708,0,2,0.5738,0.31196159999999995,0,0.2515,3,1257666.67,50.67,0.33,1,1152000,0.97,2,45,HAA-00876,NP0106,Butwal Steel Industries,Manufacturing,Bagmati,0
0.4555,0.0,1.476,43017.0,0,0,1,0,1,0,1,0,0,0,4,1,0,1,0.1917,2,3,0.0,0.49477770000000004,0,0.1294,7,725428.57,34.86,0.29,2,2581000,5.5,0,60,HAA-00877,NP0051,Upper Karnali Hydro Pvt. Ltd.,Hydropower,Bagmati,1
0.5386,0.4,1.136,9911.0,0,0,0,0,0,0,0,1,0,1,4,4,37,1,0.1977,2,1,1.0772,0.0881742,2,0.3873,5,626400.0,27.4,0.2,1,446000,4.5,2,45,HAA-00878,NP0081,Kathmandu Tech Hub,Services & IT,Koshi,0
0.438,0.4,1.411,11900.0,0,0,0,0,1,1,0,1,0,0,4,4,66,1,0.2553,2,1,0.876,0.0911421,2,0.3787,4,604000.0,5.25,0.0,0,357000,5.03,2,30,HAA-00879,NP0133,Koshi Farms Ltd.,Agriculture,Lumbini,0
0.2759,0.6,1.298,60900.0,0,1,0,0,1,1,1,1,0,1,4,4,43,0,0.4579,3,2,0.8276999999999999,0.8365832999999999,3,0.4568,5,1434800.0,33.4,0.2,1,1827000,8.35,3,30,HAA-00880,NP0029,Pokhara Construction Co.,Construction,Koshi,0
0.5804,0.0,0.738,8783.0,0,0,1,0,1,1,0,0,0,1,2,2,206,1,0.3615,3,2,0.0,0.1905105,0,0.1884,5,808000.0,56.4,0.4,2,527000,7.87,0,60,HAA-00881,NP0132,Himalayan Traders Pvt. Ltd.,Trading & Import,Bagmati,0
0.2513,0.2,1.004,58533.0,0,0,0,0,1,0,1,0,0,1,4,1,11,0,0.1917,3,2,0.2513,0.3366252,0,0.1586,3,1022333.33,14.33,0.0,0,1756000,7.12,1,30,HAA-00882,NP0138,Seti River Power Co.,Hydropower,Gandaki,0
0.3505,0.6,1.409,22356.0,0,1,0,0,0,1,0,0,1,1,1,2,269,1,0.3615,1,2,1.0514999999999999,0.36366899999999996,0,0.3524,3,500333.33,46.67,0.33,1,1006000,2.64,3,45,HAA-00883,NP0184,Everest Imports Pvt. Ltd.,Trading & Import,Koshi,1
0.2524,0.6,0.207,9700.0,0,1,0,0,1,1,0,0,0,1,2,2,212,1,0.4579,3,1,0.7572000000000001,0.13324889999999998,0,0.3521,9,949111.11,79.89,0.67,6,291000,8.23,3,30,HAA-00884,NP0145,Nepal Infrastructure Pvt. Ltd.,Construction,Gandaki,1
0.2599,0.4,1.332,62533.0,0,0,0,0,0,1,1,0,0,1,3,3,120,0,0.4579,1,2,0.5198,0.8590203999999999,0,0.2836,4,874000.0,67.75,0.5,2,1876000,1.1,2,30,HAA-00885,NP0074,Pokhara Construction Co.,Construction,Lumbini,1
0.3799,0.0,0.443,2900.0,0,0,1,0,1,0,0,0,1,1,1,2,267,0,0.1977,3,1,0.0,0.034399799999999994,0,0.1155,4,839750.0,94.0,1.0,4,174000,7.72,0,60,HAA-00886,NP0017,Digital Yatra Pvt. Ltd.,Services & IT,Koshi,1
0.5007,0.6,1.095,7778.0,0,1,0,0,0,1,0,1,0,0,4,4,53,0,0.4259,2,1,1.5021,0.149065,3,0.4953,6,739333.33,8.33,0.0,0,350000,3.12,3,45,HAA-00887,NP0084,Lumbini Hospitality Pvt. Ltd.,Tourism & Hotels,Bagmati,0
0.5231,0.0,1.47,12822.0,0,0,1,0,0,0,0,0,0,1,2,3,178,1,0.1977,0,2,0.0,0.11407289999999998,0,0.1442,7,959571.43,12.57,0.0,0,577000,0.72,0,45,HAA-00888,NP0069,Kathmandu Tech Hub,Services & IT,Bagmati,0
0.4764,0.4,0.566,7400.0,0,0,0,0,1,0,0,1,0,0,4,4,48,0,0.1977,3,1,0.9528,0.043889399999999995,2,0.3748,4,1384250.0,53.0,0.5,2,222000,6.11,2,30,HAA-00889,NP0034,Digital Yatra Pvt. Ltd.,Services & IT,Lumbini,0
0.3054,0.2,0.528,30800.0,0,0,0,0,0,0,0,0,0,0,3,3,155,0,0.1917,1,2,0.3054,0.1771308,0,0.1694,4,1155500.0,6.75,0.0,0,924000,2.27,1,30,HAA-00890,NP0006,Tamor Power Pvt. Ltd.,Hydropower,Bagmati,0
0.4582,0.2,0.81,7067.0,0,0,0,0,0,0,0,0,1,0,1,2,253,0,0.1977,1,1,0.4582,0.0628686,0,0.2012,8,489250.0,68.0,0.75,6,318000,2.38,1,45,HAA-00891,NP0053,Kathmandu Tech Hub,Services & IT,Koshi,1
0.4249,0.0,1.537,59733.0,0,0,1,0,0,0,1,1,0,0,4,4,51,1,0.1917,1,3,0.0,0.5152896,0,0.2233,5,1583200.0,5.4,0.0,0,2688000,2.93,0,45,HAA-00892,NP0194,Tamor Power Pvt. Ltd.,Hydropower,Koshi,0
0.3815,0.2,0.146,8533.0,0,0,0,0,0,0,0,0,1,0,2,2,242,0,0.1917,0,1,0.3815,0.049075200000000006,0,0.1846,5,799800.0,30.0,0.2,1,256000,0.81,1,30,HAA-00893,NP0126,Marsyangdi Energy Pvt. Ltd.,Hydropower,Madhesh,0
0.2643,1.0,1.83,44567.0,0,1,0,0,0,0,0,0,0,0,3,3,155,0,0.2708,1,2,1.3215,0.3620596,0,0.457,3,952666.67,11.33,0.0,0,1337000,1.8,5,30,HAA-00894,NP0043,Hetauda Chemicals Pvt. Ltd.,Manufacturing,Lumbini,0
0.5068,0.0,0.385,22433.0,0,0,1,1,0,0,0,0,0,1,1,1,307,0,0.1917,0,2,0.0,0.12901410000000002,0,0.2397,5,474400.0,21.2,0.2,1,673000,0.29,0,30,HAA-00895,NP0115,Seti River Power Co.,Hydropower,Bagmati,1
0.6611,0.0,1.995,24283.0,0,0,1,0,0,0,0,1,0,1,3,4,79,1,0.2708,2,2,0.0,0.3945556,0,0.2864,5,587800.0,52.4,0.4,2,1457000,4.15,0,60,HAA-00896,NP0111,Butwal Steel Industries,Manufacturing,Bagmati,0
0.606,0.4,1.929,31311.0,0,0,0,0,0,0,0,1,0,1,3,4,76,0,0.2708,0,2,1.212,0.3815572,2,0.4154,8,851375.0,78.5,0.62,5,1409000,0.99,2,45,HAA-00897,NP0151,Hetauda Chemicals Pvt. Ltd.,Manufacturing,Madhesh,1
0.2658,0.2,1.083,13183.0,0,0,0,0,1,0,0,0,0,1,2,3,166,0,0.2708,3,2,0.2658,0.2142028,0,0.1773,4,1230250.0,43.5,0.25,1,791000,6.22,1,60,HAA-00898,NP0183,Biratnagar Textile Mills,Manufacturing,Bagmati,0
0.3206,0.2,0.943,55000.0,0,0,0,0,0,0,1,0,0,1,4,1,0,0,0.1917,1,2,0.3206,0.316305,0,0.1725,3,1335333.33,70.67,0.67,2,1650000,2.31,1,30,HAA-00899,NP0080,Marsyangdi Energy Pvt. Ltd.,Hydropower,Koshi,1
0.4582,0.4,1.058,12883.0,0,0,0,0,1,0,0,0,0,1,4,1,0,0,0.2708,3,2,0.9164,0.2093284,0,0.2858,6,860000.0,45.67,0.33,2,773000,8.51,2,60,HAA-00900,NP0095,Nepal Cement Udyog,Manufacturing,Koshi,1
